Ticker,DTYYYYMMDD,Volume,Open,High,Low,Close
ACB,9/14/2014,56048,9.706,9.706,9.22,9.366
ACB,9/15/2014,461982,9.22,9.366,9.22,9.366
ACB,9/16/2014,709045,9.463,9.997,9.414,9.657
ACB,9/17/2014,480321,9.657,9.657,9.414,9.463
ACB,9/18/2014,253451,9.463,9.463,9.366,9.414
ACB,9/19/2014,97465,9.414,9.56,9.414,9.463
ACB,9/20/2014,327426,9.463,9.56,9.414,9.463
ACB,9/21/2014,159489,9.463,9.511,9.414,9.463
ACB,9/22/2014,171440,9.463,9.56,9.414,9.463
ACB,9/23/2014,296723,9.463,9.657,9.463,9.56
ACB,9/24/2014,443642,9.463,9.706,9.463,9.657
ACB,9/25/2014,178446,9.657,9.754,9.657,9.706
ACB,9/26/2014,283329,9.803,9.948,9.803,9.9
ACB,9/27/2014,266845,9.948,10.094,9.9,9.948
ACB,9/28/2014,189367,10.385,10.385,9.997,10.094
ACB,9/29/2014,430867,10.142,10.336,10.094,10.288
ACB,9/30/2014,318153,10.336,10.336,10.094,10.191
ACB,10/1/2014,524623,10.191,10.676,10.191,10.433
ACB,10/2/2014,445703,10.676,10.676,9.948,10.385
ACB,10/3/2014,284154,10.433,10.433,10.336,10.385
ACB,10/4/2014,1252419,10.433,10.919,10.433,10.822
ACB,10/5/2014,1052337,10.676,11.161,10.676,11.064
ACB,10/6/2014,2377289,10.967,11.744,10.919,11.453
ACB,10/7/2014,811250,11.453,11.598,11.161,11.356
ACB,10/8/2014,920872,11.307,11.307,10.773,10.967
ACB,10/9/2014,1027198,10.773,10.87,10.482,10.579
ACB,10/10/2014,876364,10.579,10.676,10.142,10.288
ACB,10/11/2014,1045743,10.288,10.385,10.191,10.288
ACB,10/12/2014,1114773,10.336,10.482,10.336,10.433
ACB,10/13/2014,1751697,10.482,11.113,10.482,10.87
ACB,10/14/2014,965793,11.404,11.598,10.87,11.016
ACB,10/15/2014,1190396,11.016,11.307,10.822,11.113
ACB,10/16/2014,1585203,11.21,11.307,10.967,11.161
ACB,10/17/2014,2050687,11.161,11.356,11.113,11.21
ACB,10/18/2014,1375848,11.161,11.453,11.113,11.307
ACB,10/19/2014,1713371,11.55,11.55,11.113,11.307
ACB,10/20/2014,1379351,11.161,11.453,11.161,11.258
ACB,10/21/2014,3970734,11.404,12.035,11.404,11.841
ACB,10/22/2014,5518228,12.132,12.666,12.132,12.617
ACB,10/23/2014,4575101,12.811,13.491,12.811,13.491
ACB,10/24/2014,3939413,13.588,14.413,13.054,13.588
ACB,10/25/2014,3028431,13.103,13.103,12.666,12.763
ACB,10/26/2014,3194102,11.938,12.569,11.889,12.181
ACB,10/27/2014,2675042,11.889,12.278,11.55,11.889
ACB,10/28/2014,1742013,11.938,11.938,11.55,11.647
ACB,10/29/2014,957138,11.647,12.083,11.647,11.889
ACB,10/30/2014,1016277,12.132,12.181,11.744,11.889
ACB,10/31/2014,1630123,11.938,12.326,11.744,12.035
ACB,11/1/2014,1684935,12.811,12.811,12.229,12.423
ACB,11/2/2014,1257365,12.375,12.472,12.035,12.181
ACB,11/3/2014,1776630,12.375,12.617,12.229,12.423
ACB,11/4/2014,3313409,12.423,12.666,12.278,12.569
ACB,11/5/2014,1192250,12.617,12.617,12.326,12.423
ACB,11/6/2014,2890167,12.423,12.569,12.326,12.472
ACB,11/7/2014,2531832,12.666,12.714,12.472,12.52
ACB,11/8/2014,2715636,12.52,12.52,12.132,12.181
ACB,11/9/2014,2392743,12.083,12.229,11.938,12.132
ACB,11/10/2014,2273024,12.229,12.229,11.695,11.986
ACB,11/11/2014,1615905,11.938,12.035,11.889,11.986
ACB,11/12/2014,662476,11.986,12.181,11.938,12.181
ACB,11/13/2014,636719,12.278,12.278,11.986,12.035
ACB,11/14/2014,880279,12.083,12.278,11.986,12.229
ACB,11/15/2014,1953634,12.326,12.375,12.229,12.278
ACB,11/16/2014,1389036,12.326,12.375,12.278,12.375
ACB,11/17/2014,1057489,12.375,12.375,12.132,12.181
ACB,11/18/2014,1531834,12.229,12.52,12.229,12.375
ACB,11/19/2014,4466097,12.472,12.957,12.423,12.763
ACB,11/20/2014,1479907,12.86,12.86,12.52,12.617
ACB,11/21/2014,1196166,12.617,12.908,12.52,12.763
ACB,11/22/2014,1565009,12.714,12.908,12.617,12.763
ACB,11/23/2014,2281472,12.666,12.811,12.472,12.52
ACB,11/24/2014,1777248,12.52,12.52,12.278,12.326
ACB,11/25/2014,1355036,12.326,12.375,12.229,12.326
ACB,11/26/2014,731917,13.151,13.151,12.229,12.472
ACB,11/27/2014,315062,12.472,12.52,12.375,12.472
ACB,11/28/2014,374201,12.569,12.714,12.472,12.52
ACB,11/29/2014,634246,12.617,12.617,12.229,12.375
ACB,11/30/2014,554089,12.375,12.52,12.326,12.52
ACB,12/1/2014,543787,12.375,12.472,12.278,12.326
ACB,12/2/2014,965793,12.229,12.423,12.229,12.278
ACB,12/3/2014,650524,12.278,12.423,12.278,12.423
ACB,12/4/2014,604986,12.423,12.52,12.375,12.472
ACB,12/5/2014,1767976,12.472,12.908,12.472,12.617
ACB,12/6/2014,667627,12.52,12.714,12.375,12.569
ACB,12/7/2014,1199050,12.569,12.763,12.472,12.52
ACB,12/8/2014,719142,12.52,12.617,12.375,12.423
ACB,12/9/2014,2091899,12.52,12.763,12.375,12.423
ACB,12/10/2014,1807951,12.423,12.52,12.326,12.423
ACB,12/11/2014,1698947,12.423,12.52,12.375,12.472
ACB,12/12/2014,1358127,12.423,12.52,12.423,12.472
ACB,12/13/2014,2166698,12.423,12.423,12.132,12.278
ACB,12/14/2014,504636,12.229,12.569,12.229,12.569
ACB,12/15/2014,499484,12.423,12.617,11.695,12.423
ACB,12/16/2014,1145887,12.423,12.472,12.375,12.423
ACB,12/17/2014,1255304,12.423,12.472,12.375,12.375
ACB,12/18/2014,419328,12.375,12.569,12.375,12.569
ACB,12/19/2014,354832,12.569,12.617,12.472,12.52
ACB,12/20/2014,480733,12.423,12.569,12.423,12.52
ACB,12/21/2014,116423,12.52,12.569,12.472,12.52
ACB,12/22/2014,908715,12.472,12.52,12.423,12.472
ACB,12/23/2014,167731,12.472,12.52,12.472,12.472
ACB,12/24/2014,877600,12.472,12.52,12.375,12.423
ACB,12/25/2014,521532,12.423,12.52,12.423,12.472
ACB,12/26/2014,190397,12.472,12.569,12.472,12.52
ACB,12/27/2014,111065,12.423,12.569,12.423,12.52
ACB,12/28/2014,259839,12.569,12.617,12.423,12.472
ACB,12/29/2014,343704,12.132,12.52,12.132,12.472
ACB,12/30/2014,433752,12.52,12.52,12.423,12.472
ACB,12/31/2014,596949,12.423,12.52,12.423,12.472
ACB,1/1/2015,607664,12.472,12.52,12.423,12.423
ACB,1/2/2015,372140,12.423,12.472,12.423,12.423
ACB,1/3/2015,265815,12.423,12.569,12.423,12.52
ACB,1/4/2015,828764,12.52,12.569,12.472,12.52
ACB,1/5/2015,699154,12.569,12.569,12.472,12.52
ACB,1/6/2015,1466307,12.472,12.569,12.472,12.52
ACB,1/7/2015,1170820,12.52,12.52,12.472,12.472
ACB,1/8/2015,584998,12.52,12.52,12.423,12.423
ACB,1/9/2015,1495155,12.52,12.52,12.375,12.472
ACB,1/10/2015,1154748,12.472,12.52,12.423,12.472
ACB,1/11/2015,1282710,12.423,12.52,12.423,12.423
ACB,1/12/2015,2440342,12.52,12.52,12.423,12.472
ACB,1/13/2015,290541,12.52,12.52,12.423,12.423
ACB,1/14/2015,1550173,12.423,12.472,12.423,12.423
ACB,1/15/2015,516175,12.423,12.472,12.423,12.423
ACB,1/16/2015,464660,12.423,12.472,12.423,12.423
ACB,1/17/2015,356274,12.423,12.52,12.423,12.472
ACB,1/18/2015,2337726,12.52,12.52,12.375,12.423
ACB,1/19/2015,1797236,12.423,12.472,12.375,12.423
ACB,1/20/2015,753141,12.375,12.472,12.375,12.423
ACB,1/21/2015,874921,12.423,12.423,12.375,12.423
ACB,1/22/2015,806510,12.375,12.423,12.375,12.375
ACB,1/23/2015,197609,12.375,12.423,12.375,12.423
ACB,1/24/2015,197403,12.423,12.52,12.375,12.52
ACB,1/25/2015,50896,12.472,12.52,12.423,12.472
ACB,1/26/2015,144240,12.52,12.52,12.423,12.472
ACB,1/27/2015,238821,12.423,12.52,12.423,12.472
ACB,1/28/2015,366165,12.472,12.52,12.423,12.472
ACB,1/29/2015,177622,12.423,12.472,12.423,12.423
ACB,1/30/2015,184216,12.423,12.472,12.423,12.423
ACB,1/31/2015,1486295,12.423,12.472,12.423,12.472
ACB,2/1/2015,600246,12.472,12.52,12.423,12.472
ACB,2/2/2015,172058,12.472,12.52,12.423,12.472
ACB,2/3/2015,164434,12.472,12.52,12.423,12.472
ACB,2/4/2015,506284,12.423,12.52,12.423,12.472
ACB,2/5/2015,608077,12.472,12.52,12.423,12.472
ACB,2/6/2015,119101,12.472,12.472,12.423,12.472
ACB,2/7/2015,458685,12.423,12.52,12.423,12.52
ACB,2/8/2015,261281,12.52,12.52,12.423,12.423
ACB,2/9/2015,311353,12.423,12.472,12.423,12.472
ACB,2/10/2015,88193,12.472,12.52,12.423,12.52
ACB,2/11/2015,134556,12.472,12.472,12.423,12.472
ACB,2/12/2015,263342,12.423,12.52,12.423,12.472
ACB,2/13/2015,317947,12.472,12.52,12.423,12.472
ACB,2/14/2015,185040,12.423,12.52,12.423,12.52
ACB,2/15/2015,146301,12.472,12.52,12.472,12.472
ACB,2/16/2015,399752,12.472,12.52,12.472,12.52
ACB,2/17/2015,179476,12.52,12.569,12.472,12.569
ACB,2/18/2015,1863999,12.472,12.472,11.695,11.695
ACB,2/19/2015,1419532,10.919,10.919,10.919,10.919
ACB,2/20/2015,536987,10.191,10.239,10.191,10.191
ACB,2/21/2015,3366778,9.511,10.87,9.511,10.531
ACB,2/22/2015,1904592,10.579,10.676,9.803,9.803
ACB,2/23/2015,1561712,9.463,9.706,9.123,9.22
ACB,2/24/2015,1514319,8.978,9.754,8.978,9.706
ACB,2/25/2015,892848,9.948,9.948,9.608,9.706
ACB,2/26/2015,1160724,9.706,9.706,9.56,9.608
ACB,2/27/2015,1078094,9.608,9.706,9.56,9.56
ACB,2/28/2015,1563567,9.9,10.191,9.511,9.56
ACB,3/1/2015,1134966,9.608,9.608,9.414,9.463
ACB,3/2/2015,1476404,9.463,9.511,9.317,9.366
ACB,3/3/2015,1858641,9.366,9.366,8.735,8.783
ACB,3/4/2015,940036,9.22,9.22,8.686,8.686
ACB,3/5/2015,685554,8.735,8.978,8.638,8.638
ACB,3/6/2015,1301255,8.638,8.686,8.541,8.589
ACB,3/7/2015,1500719,8.686,8.978,8.686,8.735
ACB,3/8/2015,1525858,8.783,8.978,8.686,8.832
ACB,3/9/2015,1530391,8.832,8.832,8.25,8.25
ACB,3/10/2015,8454551,7.764,8.201,7.716,7.716
ACB,3/11/2015,4117653,7.522,7.716,7.182,7.473
ACB,3/12/2015,4676276,7.473,7.958,7.473,7.958
ACB,3/13/2015,3628678,8.153,8.492,7.91,8.347
ACB,3/14/2015,2250357,8.201,8.395,8.007,8.153
ACB,3/15/2015,1371315,8.055,8.153,7.958,8.007
ACB,3/16/2015,939005,8.007,8.153,7.91,7.91
ACB,3/17/2015,1819696,7.813,8.104,7.57,8.007
ACB,3/18/2015,2240054,8.007,8.007,7.716,7.716
ACB,3/19/2015,1395629,7.667,7.813,7.619,7.667
ACB,3/20/2015,1462186,7.619,7.716,7.619,7.667
ACB,3/21/2015,740984,7.667,7.716,7.619,7.667
ACB,3/22/2015,1442199,7.667,7.667,7.57,7.667
ACB,3/23/2015,3488352,7.619,7.764,7.57,7.716
ACB,3/24/2015,5012356,7.764,7.813,7.716,7.764
ACB,3/25/2015,4095399,7.764,7.813,7.716,7.764
ACB,3/26/2015,5036465,7.764,8.055,7.716,7.861
ACB,3/27/2015,1076034,7.861,7.91,7.813,7.813
ACB,3/28/2015,3150212,7.813,7.861,7.716,7.764
ACB,3/29/2015,2785489,7.764,7.861,7.716,7.861
ACB,3/30/2015,1371521,7.861,7.861,7.764,7.764
ACB,3/31/2015,2455385,7.813,7.813,7.716,7.764
ACB,4/1/2015,3223980,7.764,7.813,7.57,7.667
ACB,4/2/2015,1994021,7.57,7.619,7.182,7.57
ACB,4/3/2015,1435811,7.57,7.619,7.522,7.619
ACB,4/4/2015,1359775,7.619,7.716,7.522,7.667
ACB,4/5/2015,1739128,7.619,7.764,7.619,7.667
ACB,4/6/2015,1133936,7.522,7.667,7.425,7.667
ACB,4/7/2015,1108179,7.667,7.764,7.619,7.619
ACB,4/8/2015,249124,7.619,7.667,7.522,7.522
ACB,4/9/2015,618173,7.425,7.473,7.279,7.425
ACB,4/10/2015,639191,7.473,7.473,7.328,7.376
ACB,4/11/2015,1639602,7.376,7.376,6.939,6.988
ACB,4/12/2015,419946,6.988,7.085,6.891,7.085
ACB,4/13/2015,184216,7.085,7.133,7.036,7.133
ACB,4/14/2015,249742,7.133,7.425,7.085,7.279
ACB,4/15/2015,175149,7.036,7.328,7.036,7.182
ACB,4/16/2015,496805,7.23,7.279,7.182,7.23
ACB,4/17/2015,306408,7.279,7.376,7.23,7.376
ACB,4/18/2015,471048,7.376,7.425,7.279,7.328
ACB,4/19/2015,308881,7.328,7.376,7.279,7.328
ACB,4/20/2015,321038,7.425,7.425,7.182,7.23
ACB,4/21/2015,216979,7.279,7.279,7.182,7.182
ACB,4/22/2015,182567,7.182,7.182,7.036,7.085
ACB,4/23/2015,114774,7.133,7.182,7.085,7.182
ACB,4/24/2015,140119,7.133,7.182,7.085,7.133
ACB,4/25/2015,164640,7.182,7.182,7.085,7.085
ACB,4/26/2015,190397,7.085,7.133,7.036,7.085
ACB,4/27/2015,192252,7.133,7.182,7.085,7.133
ACB,4/28/2015,118689,7.133,7.182,7.085,7.085
ACB,4/29/2015,156192,7.085,7.133,7.036,7.133
ACB,4/30/2015,77478,7.133,7.182,7.085,7.085
ACB,5/1/2015,175561,7.085,7.133,7.036,7.036
ACB,5/2/2015,175149,7.036,7.085,7.036,7.036
ACB,5/3/2015,164228,7.085,7.085,7.036,7.085
ACB,5/4/2015,326189,7.133,7.23,7.133,7.23
ACB,5/5/2015,218833,7.23,7.23,7.085,7.133
ACB,5/6/2015,86132,7.182,7.182,7.133,7.182
ACB,5/7/2015,363280,7.182,7.279,7.085,7.23
ACB,5/8/2015,174943,7.279,7.279,7.182,7.279
ACB,5/9/2015,487533,7.182,7.522,7.182,7.522
ACB,5/10/2015,1372963,7.57,7.958,7.522,7.764
ACB,5/11/2015,2689672,7.764,8.25,7.764,8.153
ACB,5/12/2015,799092,7.764,8.153,7.764,7.958
ACB,5/13/2015,734184,7.958,7.958,7.716,7.764
ACB,5/14/2015,691942,7.764,8.007,7.764,7.91
ACB,5/15/2015,419946,8.007,8.007,7.764,7.861
ACB,5/16/2015,335050,7.813,7.861,7.716,7.813
ACB,5/17/2015,547290,7.813,7.958,7.764,7.764
ACB,5/18/2015,948484,7.813,7.958,7.764,7.764
ACB,5/19/2015,719966,7.91,7.958,7.813,7.958
ACB,5/20/2015,1232432,7.958,8.007,7.861,7.91
ACB,5/21/2015,1321861,7.91,8.007,7.813,7.91
ACB,5/22/2015,5313406,7.91,8.444,7.91,8.395
ACB,5/23/2015,4053569,8.492,8.638,8.104,8.25
ACB,5/24/2015,2411082,8.201,8.347,8.104,8.298
ACB,5/25/2015,2793526,8.25,8.492,8.25,8.298
ACB,5/26/2015,4492060,8.298,8.492,8.201,8.298
ACB,5/27/2015,7956716,8.298,8.832,8.298,8.783
ACB,5/28/2015,1814751,8.783,8.881,8.589,8.832
ACB,5/29/2015,1661238,9.22,9.22,8.832,8.832
ACB,5/30/2015,1265813,8.929,8.929,8.589,8.735
ACB,5/31/2015,2700387,8.832,8.881,8.541,8.832
ACB,6/1/2015,2775392,8.832,9.123,8.783,8.929
ACB,6/2/2015,2201315,8.832,8.929,8.686,8.686
ACB,6/3/2015,1400575,8.686,8.686,8.444,8.589
ACB,6/4/2015,704512,8.638,8.638,8.444,8.492
ACB,6/5/2015,1520707,8.492,8.541,8.153,8.201
ACB,6/6/2015,682257,8.201,8.298,8.007,8.25
ACB,6/7/2015,687615,8.347,8.444,8.201,8.395
ACB,6/8/2015,1620645,8.492,8.686,8.492,8.589
ACB,6/9/2015,2340611,8.589,8.783,8.492,8.589
ACB,6/10/2015,1180299,8.589,8.783,8.541,8.686
ACB,6/11/2015,1697092,8.735,8.735,8.589,8.589
ACB,6/12/2015,1772303,8.541,8.686,8.492,8.589
ACB,6/13/2015,1203171,8.492,8.589,8.492,8.589
ACB,6/14/2015,797856,8.589,8.589,8.492,8.541
ACB,6/15/2015,1240468,8.541,8.541,8.395,8.444
ACB,6/16/2015,1118276,8.444,8.638,8.444,8.541
ACB,6/17/2015,943333,8.589,8.686,8.492,8.541
ACB,6/18/2015,800535,8.589,8.686,8.541,8.638
ACB,6/19/2015,967235,8.638,8.735,8.541,8.638
ACB,6/20/2015,907066,8.638,8.638,8.492,8.541
ACB,6/21/2015,1636305,8.444,8.492,8.25,8.444
ACB,6/22/2015,2989074,8.444,8.444,7.958,8.007
ACB,6/23/2015,1495774,8.007,8.25,7.958,8.153
ACB,6/24/2015,575313,8.153,8.201,8.055,8.104
ACB,6/25/2015,2411082,8.153,8.153,7.91,7.958
ACB,6/26/2015,1194517,7.91,8.055,7.861,8.007
ACB,6/27/2015,248918,8.055,8.153,8.007,8.007
ACB,6/28/2015,378528,8.055,8.104,8.007,8.055
ACB,6/29/2015,1016071,8.055,8.055,7.91,7.958
ACB,6/30/2015,634658,7.91,8.007,7.861,7.91
ACB,7/1/2015,260869,7.813,8.007,7.764,7.958
ACB,7/2/2015,490624,7.91,8.007,7.91,7.91
ACB,7/3/2015,358335,7.91,8.007,7.861,8.007
ACB,7/4/2015,494539,7.667,8.055,7.667,8.007
ACB,7/5/2015,227900,8.104,8.492,7.958,8.055
ACB,7/6/2015,358335,8.055,8.055,7.958,8.007
ACB,7/7/2015,278796,7.958,8.055,7.958,8.007
ACB,7/8/2015,161137,8.007,8.055,7.958,8.007
ACB,7/9/2015,608901,8.007,8.055,7.958,7.958
ACB,7/10/2015,135998,8.007,8.055,7.958,7.958
ACB,7/11/2015,229136,8.007,8.055,8.007,8.055
ACB,7/12/2015,389037,8.055,8.055,7.958,8.007
ACB,7/13/2015,957138,8.007,8.055,7.958,8.007
ACB,7/14/2015,317741,8.007,8.007,7.91,8.007
ACB,7/15/2015,131259,8.007,8.055,7.91,7.958
ACB,7/16/2015,552853,7.958,8.007,7.813,7.958
ACB,7/17/2015,478054,8.007,8.007,7.91,7.91
ACB,7/18/2015,388007,8.007,8.007,7.861,7.91
ACB,7/19/2015,485678,7.861,7.958,7.861,7.958
ACB,7/20/2015,534514,7.958,8.007,7.91,7.91
ACB,7/21/2015,213682,8.007,8.007,7.861,7.91
ACB,7/22/2015,544199,7.91,7.91,7.813,7.813
ACB,7/23/2015,676694,7.91,7.91,7.764,7.813
ACB,7/24/2015,849782,7.861,7.861,7.716,7.764
ACB,7/25/2015,192870,7.764,7.813,7.716,7.764
ACB,7/26/2015,324335,7.764,7.813,7.716,7.716
ACB,7/27/2015,1923137,7.716,8.25,7.716,8.055
ACB,7/28/2015,522563,8.055,8.25,7.958,8.007
ACB,7/29/2015,715639,8.007,8.007,7.764,7.861
ACB,7/30/2015,808159,7.813,7.861,7.716,7.813
ACB,7/31/2015,660827,7.667,7.764,7.619,7.716
ACB,8/1/2015,922109,7.667,7.716,7.619,7.667
ACB,8/2/2015,623119,7.667,7.764,7.667,7.667
ACB,8/3/2015,262930,7.667,7.764,7.667,7.716
ACB,8/4/2015,122604,7.764,7.764,7.667,7.764
ACB,8/5/2015,146713,7.764,7.813,7.716,7.764
ACB,8/6/2015,339377,7.764,7.861,7.764,7.813
ACB,8/7/2015,373583,7.813,7.813,7.764,7.813
ACB,8/8/2015,326396,7.764,7.813,7.764,7.764
ACB,8/9/2015,803419,7.764,7.861,7.764,7.813
ACB,8/10/2015,756644,7.861,7.91,7.764,7.861
ACB,8/11/2015,677930,7.91,7.91,7.813,7.861
ACB,8/12/2015,668658,7.861,7.958,7.861,7.91
ACB,8/13/2015,374407,7.958,7.958,7.861,7.91
ACB,8/14/2015,339583,7.91,7.958,7.91,7.91
ACB,8/15/2015,904182,7.91,7.958,7.861,7.861
ACB,8/16/2015,447970,7.91,7.958,7.861,7.91
ACB,8/17/2015,427158,8.007,8.104,7.958,8.055
ACB,8/18/2015,419014,8.258,8.258,8.106,8.157
ACB,8/19/2015,670659,8.157,8.157,8.055,8.106
ACB,8/20/2015,453553,8.106,8.207,8.055,8.106
ACB,8/21/2015,2983029,8.207,8.765,8.207,8.461
ACB,8/22/2015,992172,8.461,8.511,8.309,8.359
ACB,8/23/2015,275724,8.41,8.41,8.309,8.359
ACB,8/24/2015,1339936,8.359,8.461,8.309,8.359
ACB,8/25/2015,1303620,8.359,8.461,8.309,8.41
ACB,8/26/2015,1330067,8.461,8.511,8.359,8.359
ACB,8/27/2015,630001,8.359,8.41,8.309,8.359
ACB,8/28/2015,1350593,8.41,8.461,8.309,8.309
ACB,8/29/2015,2121515,8.41,8.613,8.359,8.511
ACB,8/30/2015,1029277,8.511,8.562,8.309,8.359
ACB,8/31/2015,590724,8.41,8.41,8.309,8.41
ACB,9/1/2015,965527,8.41,8.41,8.359,8.41
ACB,9/2/2015,1179672,8.41,8.511,8.359,8.461
ACB,9/3/2015,794211,8.511,8.511,8.41,8.461
ACB,9/4/2015,787895,8.511,8.511,8.41,8.461
ACB,9/5/2015,558553,8.41,8.461,8.359,8.359
ACB,9/6/2015,555593,8.41,8.41,8.258,8.258
ACB,9/7/2015,699080,8.359,8.359,8.207,8.258
ACB,9/8/2015,854803,8.309,8.309,8.106,8.157
ACB,9/9/2015,833488,8.157,8.207,8.005,8.157
ACB,9/10/2015,566053,8.157,8.258,8.106,8.258
ACB,9/11/2015,997896,8.258,8.258,8.106,8.207
ACB,9/12/2015,455132,8.157,8.258,8.106,8.207
ACB,9/13/2015,1140791,8.207,8.258,8.106,8.207
ACB,9/14/2015,2843292,8.157,8.207,8.106,8.157
ACB,9/15/2015,664343,8.157,8.207,8.106,8.157
ACB,9/16/2015,1535528,8.106,8.157,8.055,8.106
ACB,9/17/2015,1333620,8.106,8.207,8.106,8.106
ACB,9/18/2015,674606,8.106,8.157,8.106,8.157
ACB,9/19/2015,670856,8.106,8.207,8.106,8.207
ACB,9/20/2015,738356,8.157,8.207,8.106,8.157
ACB,9/21/2015,589343,8.106,8.207,8.106,8.157
ACB,9/22/2015,610856,8.157,8.157,8.106,8.106
ACB,9/23/2015,122763,8.106,8.106,8.005,8.055
ACB,9/24/2015,673422,8.055,8.106,8.005,8.055
ACB,9/25/2015,260921,8.055,8.106,8.005,8.106
ACB,9/26/2015,158487,8.055,8.106,8.005,8.055
ACB,9/27/2015,456711,8.055,8.106,8.005,8.106
ACB,9/28/2015,245132,8.106,8.106,8.055,8.055
ACB,9/29/2015,134408,8.055,8.106,8.055,8.055
ACB,9/30/2015,889935,8.106,8.207,8.055,8.157
ACB,10/1/2015,458093,8.106,8.207,8.106,8.106
ACB,10/2/2015,450987,8.106,8.157,8.106,8.106
ACB,10/3/2015,836251,8.157,8.157,8.106,8.106
ACB,10/4/2015,297829,8.157,8.157,8.106,8.106
ACB,10/5/2015,815330,8.106,8.106,8.106,8.106
ACB,10/6/2015,457303,8.055,8.106,8.005,8.005
ACB,10/7/2015,796580,8.055,8.055,7.954,8.005
ACB,10/8/2015,301346,8.005,8.106,8.005,8.055
ACB,10/9/2015,386355,8.055,8.106,8.005,8.106
ACB,10/10/2015,924504,8.005,8.106,8.005,8.005
ACB,10/11/2015,1290791,8.005,8.055,7.954,7.954
ACB,10/12/2015,257929,8.005,8.055,7.954,7.954
ACB,10/13/2015,723362,7.954,8.005,7.194,7.954
ACB,10/14/2015,579190,7.954,8.005,7.903,7.954
ACB,10/15/2015,177855,7.954,8.005,7.903,8.005
ACB,10/16/2015,763795,7.954,7.954,7.903,7.903
ACB,10/17/2015,810658,7.701,7.954,7.701,7.853
ACB,10/18/2015,398801,7.853,8.005,7.853,7.853
ACB,10/19/2015,318600,7.802,7.903,7.802,7.853
ACB,10/20/2015,86789,7.853,7.954,7.853,7.954
ACB,10/21/2015,149384,7.903,7.954,7.853,7.903
ACB,10/22/2015,377793,7.903,7.903,7.853,7.853
ACB,10/23/2015,271929,7.903,7.954,7.853,7.903
ACB,10/24/2015,180278,7.954,7.954,7.903,7.903
ACB,10/25/2015,268625,7.954,7.954,7.903,7.903
ACB,10/26/2015,390950,7.903,7.954,7.853,7.853
ACB,10/27/2015,509801,7.903,7.903,7.093,7.853
ACB,10/28/2015,117778,7.802,7.903,7.802,7.853
ACB,10/29/2015,168691,7.853,7.853,7.853,7.853
ACB,10/30/2015,621397,7.802,7.853,7.65,7.701
ACB,10/31/2015,754927,7.751,7.751,7.65,7.701
ACB,11/1/2015,404223,7.701,7.802,7.701,7.802
ACB,11/2/2015,108677,7.65,7.751,7.65,7.751
ACB,11/3/2015,157362,7.751,7.802,7.701,7.701
ACB,11/4/2015,249869,7.751,7.802,7.751,7.751
ACB,11/5/2015,115028,7.802,7.802,7.751,7.802
ACB,11/6/2015,348750,7.853,7.853,7.751,7.751
ACB,11/7/2015,57237,7.751,7.853,7.599,7.802
ACB,11/8/2015,147628,7.802,7.853,7.802,7.853
ACB,11/9/2015,414273,7.853,7.853,7.751,7.751
ACB,11/10/2015,110078,7.802,7.853,7.802,7.802
ACB,11/11/2015,154867,7.802,7.853,7.802,7.802
ACB,11/12/2015,317902,7.802,7.853,7.802,7.802
ACB,11/13/2015,395242,7.802,7.853,7.802,7.802
ACB,11/14/2015,652953,7.802,7.853,7.802,7.802
ACB,11/15/2015,363879,7.802,7.853,7.802,7.853
ACB,11/16/2015,1511952,7.802,7.853,7.802,7.802
ACB,11/17/2015,672723,7.802,7.853,7.802,7.853
ACB,11/18/2015,316048,7.853,7.903,7.853,7.853
ACB,11/19/2015,163090,7.853,7.903,7.853,7.853
ACB,11/20/2015,484056,7.853,7.903,7.802,7.853
ACB,11/21/2015,185878,7.853,7.903,7.853,7.853
ACB,11/22/2015,323112,7.903,8.005,7.853,7.954
ACB,11/23/2015,222723,7.954,7.954,7.903,7.903
ACB,11/24/2015,155434,7.903,7.954,7.853,7.954
ACB,11/25/2015,213884,7.853,7.903,7.853,7.903
ACB,11/26/2015,214613,7.903,7.954,7.853,7.954
ACB,11/27/2015,393312,7.853,7.954,7.853,7.903
ACB,11/28/2015,328583,7.903,8.005,7.903,8.005
ACB,11/29/2015,336135,7.954,8.005,7.903,7.954
ACB,11/30/2015,147055,7.954,7.954,7.903,7.954
ACB,12/1/2015,595548,8.005,8.005,7.954,7.954
ACB,12/2/2015,391668,7.903,8.005,7.903,8.005
ACB,12/3/2015,318610,8.005,8.055,7.903,8.005
ACB,12/4/2015,251343,7.954,8.055,7.954,7.954
ACB,12/5/2015,94449,7.903,7.954,7.903,7.954
ACB,12/6/2015,307613,7.954,7.954,7.903,7.954
ACB,12/7/2015,355477,7.954,7.954,7.853,7.903
ACB,12/8/2015,141699,7.903,7.903,7.853,7.903
ACB,12/9/2015,452815,7.903,7.954,7.853,7.903
ACB,12/10/2015,192387,7.903,7.954,7.853,7.903
ACB,12/11/2015,269219,7.903,7.903,7.853,7.853
ACB,12/12/2015,347580,7.853,7.903,7.853,7.903
ACB,12/13/2015,166218,7.853,7.954,7.853,7.903
ACB,12/14/2015,497947,7.853,7.903,7.853,7.903
ACB,12/15/2015,138022,7.853,7.954,7.853,7.954
ACB,12/16/2015,111182,7.903,7.954,7.853,7.903
ACB,12/17/2015,114995,7.853,7.954,7.853,7.954
ACB,12/18/2015,112472,7.903,7.954,7.903,7.903
ACB,12/19/2015,50406,7.903,7.954,7.853,7.853
ACB,12/20/2015,58867,7.853,7.903,7.853,7.853
ACB,12/21/2015,246778,7.853,7.954,7.853,7.853
ACB,12/22/2015,219350,7.903,7.903,7.802,7.903
ACB,12/23/2015,175137,7.903,7.954,7.853,7.903
ACB,12/24/2015,88259,7.954,7.954,7.903,7.903
ACB,12/25/2015,95708,7.903,7.954,7.903,7.903
ACB,12/26/2015,646704,7.954,7.954,7.903,7.903
ACB,12/27/2015,36618,7.903,7.954,7.903,7.954
ACB,12/28/2015,139384,7.903,7.954,7.903,7.954
ACB,12/29/2015,308683,7.954,7.954,7.903,7.954
ACB,12/30/2015,184405,7.954,7.954,7.903,7.954
ACB,12/31/2015,253771,7.903,7.954,7.903,7.954
ACB,1/1/2016,69924,7.954,7.954,7.194,7.954
ACB,1/2/2016,333486,7.954,8.005,7.903,7.954
ACB,1/3/2016,165381,7.954,7.954,7.853,7.853
ACB,1/4/2016,154824,7.903,7.954,7.903,7.903
ACB,1/5/2016,134264,7.903,7.954,7.853,7.903
ACB,1/6/2016,395683,7.954,7.954,7.903,7.903
ACB,1/7/2016,299231,7.903,7.954,7.853,7.954
ACB,1/8/2016,228823,7.954,7.954,7.903,7.954
ACB,1/9/2016,217528,7.903,7.954,7.903,7.903
ACB,1/10/2016,137765,7.903,7.954,7.853,7.903
ACB,1/11/2016,542296,7.853,7.954,7.802,7.903
ACB,1/12/2016,578744,7.853,7.903,7.802,7.853
ACB,1/13/2016,443073,7.853,7.954,7.853,7.903
ACB,1/14/2016,419803,7.903,7.954,7.853,7.903
ACB,1/15/2016,302998,7.903,8.207,7.853,7.903
ACB,1/16/2016,503870,7.853,7.954,7.853,7.903
ACB,1/17/2016,381000,7.903,8.157,7.853,7.903
ACB,1/18/2016,316514,7.903,8.359,7.903,7.954
ACB,1/19/2016,50988,7.903,7.954,7.903,7.903
ACB,1/20/2016,233161,7.903,7.954,7.903,7.954
ACB,1/21/2016,113771,7.954,7.954,7.903,7.954
ACB,1/22/2016,87724,7.954,7.954,7.903,7.903
ACB,1/23/2016,199145,7.903,7.954,7.903,7.903
ACB,1/24/2016,301465,7.903,7.954,7.903,7.954
ACB,1/25/2016,675064,7.954,7.954,7.903,7.954
ACB,1/26/2016,326704,7.903,7.954,7.903,7.903
ACB,1/27/2016,290096,7.954,7.954,7.903,7.954
ACB,1/28/2016,194716,7.954,8.005,7.903,8.005
ACB,1/29/2016,375018,7.903,8.005,7.903,7.954
ACB,1/30/2016,301786,8.005,8.157,7.954,8.055
ACB,1/31/2016,116155,8.055,8.055,7.295,8.005
ACB,2/1/2016,142958,7.954,8.055,7.954,8.055
ACB,2/2/2016,316392,8.055,8.207,8.005,8.106
ACB,2/3/2016,53769,8.055,8.157,8.005,8.055
ACB,2/4/2016,391244,8.055,8.207,8.005,8.207
ACB,2/5/2016,276547,8.005,8.258,8.005,8.207
ACB,2/6/2016,202822,8.207,8.258,8.106,8.157
ACB,2/7/2016,670842,8.157,8.41,8.106,8.359
ACB,2/8/2016,510439,8.359,8.41,8.258,8.309
ACB,2/9/2016,285531,8.258,8.309,8.157,8.157
ACB,2/10/2016,343145,8.157,8.207,8.157,8.157
ACB,2/11/2016,89749,8.207,8.258,8.157,8.157
ACB,2/12/2016,157324,8.157,8.258,8.157,8.207
ACB,2/13/2016,120608,8.207,8.207,8.157,8.207
ACB,2/14/2016,77230,8.207,8.207,8.157,8.207
ACB,2/15/2016,159359,8.207,8.258,8.157,8.207
ACB,2/16/2016,1088579,8.207,8.258,8.157,8.207
ACB,2/17/2016,933467,8.207,8.258,8.157,8.258
ACB,2/18/2016,295074,8.207,8.359,8.207,8.309
ACB,2/19/2016,313903,8.359,8.41,8.207,8.359
ACB,2/20/2016,351433,8.359,8.41,8.207,8.359
ACB,2/21/2016,1052881,8.309,8.309,8.106,8.157
ACB,2/22/2016,1138272,8.157,8.207,8.106,8.157
ACB,2/23/2016,875300,8.157,8.207,8.106,8.157
ACB,2/24/2016,576770,8.157,8.258,8.106,8.106
ACB,2/25/2016,272450,8.157,8.157,8.106,8.157
ACB,2/26/2016,279630,8.106,8.157,7.346,8.157
ACB,2/27/2016,469092,8.157,8.207,8.106,8.157
ACB,2/28/2016,1290274,8.106,8.258,8.106,8.258
ACB,2/29/2016,2994096,8.258,9.069,8.207,8.765
ACB,3/1/2016,744182,8.765,8.917,8.562,8.663
ACB,3/2/2016,603703,8.663,8.663,8.461,8.461
ACB,3/3/2016,531348,8.359,8.461,8.258,8.41
ACB,3/4/2016,413112,8.41,8.511,8.359,8.41
ACB,3/5/2016,949499,8.967,9.018,8.359,8.41
ACB,3/6/2016,423918,8.41,8.613,8.359,8.41
ACB,3/7/2016,422012,8.359,8.461,8.359,8.359
ACB,3/8/2016,635659,8.359,8.41,8.309,8.359
ACB,3/9/2016,418583,8.359,8.41,8.309,8.309
ACB,3/10/2016,613585,8.309,8.359,8.309,8.359
ACB,3/11/2016,976246,8.359,8.359,8.309,8.359
ACB,3/12/2016,1438006,8.359,8.41,8.309,8.41
ACB,3/13/2016,1287524,8.41,8.714,8.41,8.663
ACB,3/14/2016,1207935,8.714,8.866,8.511,8.866
ACB,3/15/2016,892574,8.714,8.866,8.714,8.815
ACB,3/16/2016,800192,8.714,8.866,8.41,8.765
ACB,3/17/2016,1116273,8.815,8.866,8.663,8.866
ACB,3/18/2016,992178,8.866,8.866,8.714,8.765
ACB,3/19/2016,1152345,8.765,8.765,8.613,8.613
ACB,3/20/2016,585737,8.461,8.663,8.461,8.613
ACB,3/21/2016,227088,8.663,8.663,8.562,8.663
ACB,3/22/2016,394299,8.663,8.663,8.613,8.663
ACB,3/23/2016,1030211,8.613,8.663,8.562,8.562
ACB,3/24/2016,671397,8.511,8.562,8.461,8.511
ACB,3/25/2016,515225,8.562,8.714,8.511,8.714
ACB,3/26/2016,298190,8.613,8.714,8.613,8.663
ACB,3/27/2016,94204,8.461,8.663,8.41,8.562
ACB,3/28/2016,100707,8.613,8.613,7.751,8.511
ACB,3/29/2016,132594,8.511,8.613,8.511,8.562
ACB,3/30/2016,859560,8.562,8.613,8.511,8.562
ACB,3/31/2016,445568,8.613,8.663,8.511,8.663
ACB,4/1/2016,612374,8.663,8.663,8.461,8.461
ACB,4/2/2016,693265,8.461,8.613,8.41,8.511
ACB,4/3/2016,438529,8.511,8.511,8.41,8.461
ACB,4/4/2016,974377,8.461,8.511,8.41,8.461
ACB,4/5/2016,207490,8.41,8.461,8.359,8.41
ACB,4/6/2016,249736,8.41,8.461,8.41,8.461
ACB,4/7/2016,138231,8.359,8.461,8.359,8.359
ACB,4/8/2016,245673,8.359,8.359,8.207,8.207
ACB,4/9/2016,246117,8.207,8.461,8.207,8.359
ACB,4/10/2016,185726,8.41,8.41,8.309,8.309
ACB,4/11/2016,88165,8.359,8.359,8.309,8.309
ACB,4/12/2016,486338,8.309,8.359,8.258,8.309
ACB,4/13/2016,457420,8.309,8.359,8.207,8.258
ACB,4/14/2016,200763,8.309,8.309,8.157,8.309
ACB,4/15/2016,391684,8.258,8.258,7.802,8.005
ACB,4/16/2016,497821,8.005,8.157,7.903,8.157
ACB,4/17/2016,317256,8.005,8.055,7.903,7.903
ACB,4/18/2016,223581,7.957,8.063,7.957,7.957
ACB,4/19/2016,204123,8.01,8.222,7.957,8.116
ACB,4/20/2016,152978,8.063,8.222,8.063,8.169
ACB,4/21/2016,287289,8.222,8.222,8.116,8.169
ACB,4/22/2016,104964,8.116,8.222,8.063,8.169
ACB,4/23/2016,22139,8.169,8.222,8.063,8.169
ACB,4/24/2016,252392,8.222,8.328,8.116,8.328
ACB,4/25/2016,138877,8.328,8.381,8.222,8.275
ACB,4/26/2016,27119,8.116,8.275,8.116,8.222
ACB,4/27/2016,16401,8.169,8.222,8.169,8.222
ACB,4/28/2016,91706,8.169,8.328,7.426,8.328
ACB,4/29/2016,83437,8.328,8.381,8.222,8.381
ACB,4/30/2016,69275,8.275,8.381,8.275,8.328
ACB,5/1/2016,295781,8.275,8.434,8.275,8.328
ACB,5/2/2016,68786,8.275,8.328,8.222,8.222
ACB,5/3/2016,169358,8.275,8.434,7.691,8.116
ACB,5/4/2016,80783,8.116,8.275,8.116,8.222
ACB,5/5/2016,94933,8.222,8.222,8.116,8.222
ACB,5/6/2016,148470,8.222,8.275,8.222,8.275
ACB,5/7/2016,121296,8.328,8.328,8.222,8.275
ACB,5/8/2016,62579,8.222,8.328,8.116,8.222
ACB,5/9/2016,123146,8.169,8.328,8.169,8.328
ACB,5/10/2016,284919,8.275,8.275,8.169,8.275
ACB,5/11/2016,106834,8.169,8.275,8.169,8.222
ACB,5/12/2016,94366,8.222,8.222,8.169,8.222
ACB,5/13/2016,162709,8.169,8.222,8.169,8.222
ACB,5/14/2016,263110,8.169,8.169,8.116,8.169
ACB,5/15/2016,489378,8.169,8.222,8.116,8.222
ACB,5/16/2016,184744,8.169,8.275,8.169,8.222
ACB,5/17/2016,310016,8.222,8.222,8.169,8.169
ACB,5/18/2016,351406,8.169,8.169,8.116,8.169
ACB,5/19/2016,170004,8.169,8.275,8.169,8.275
ACB,5/20/2016,473015,8.222,8.222,8.169,8.169
ACB,5/21/2016,90241,8.169,8.222,8.169,8.222
ACB,5/22/2016,513257,8.169,8.222,8.116,8.169
ACB,5/23/2016,383230,8.222,8.222,8.169,8.222
ACB,5/24/2016,216429,8.222,8.222,8.169,8.222
ACB,5/25/2016,582869,8.222,8.275,8.169,8.275
ACB,5/26/2016,221962,8.275,8.275,8.222,8.222
ACB,5/27/2016,333410,8.275,8.275,7.426,8.222
ACB,5/28/2016,383907,8.222,8.275,8.169,8.222
ACB,5/29/2016,118685,8.222,8.275,8.169,8.222
ACB,5/30/2016,187423,8.222,8.222,8.169,8.169
ACB,5/31/2016,130722,8.169,8.222,8.116,8.169
ACB,6/1/2016,289195,8.222,8.222,8.169,8.169
ACB,6/2/2016,133676,8.169,8.222,8.169,8.222
ACB,6/3/2016,228124,8.222,8.222,8.169,8.222
ACB,6/4/2016,18371,8.222,8.222,8.169,8.222
ACB,6/5/2016,199738,8.222,8.222,8.169,8.222
ACB,6/6/2016,112855,8.222,8.222,8.169,8.169
ACB,6/7/2016,417178,8.169,8.222,8.116,8.169
ACB,6/8/2016,88109,8.169,8.222,8.169,8.169
ACB,6/9/2016,108632,8.169,8.222,8.169,8.169
ACB,6/10/2016,194688,8.169,8.222,8.116,8.116
ACB,6/11/2016,208448,8.169,8.222,8.116,8.116
ACB,6/12/2016,177988,8.169,8.169,8.116,8.169
ACB,6/13/2016,17343,8.169,8.169,8.116,8.169
ACB,6/14/2016,208299,8.116,8.169,8.116,8.169
ACB,6/15/2016,59084,8.222,8.222,8.116,8.169
ACB,6/16/2016,109228,8.116,8.169,8.116,8.169
ACB,6/17/2016,108281,8.169,8.169,8.116,8.169
ACB,6/18/2016,30707,8.116,8.169,8.116,8.169
ACB,6/19/2016,44890,8.169,8.169,8.116,8.169
ACB,6/20/2016,371218,8.116,8.169,8.116,8.169
ACB,6/21/2016,35365,8.169,8.169,8.116,8.116
ACB,6/22/2016,165118,8.116,8.222,8.063,8.116
ACB,6/23/2016,360562,8.063,8.169,8.063,8.116
ACB,6/24/2016,370363,8.116,8.116,8.063,8.063
ACB,6/25/2016,191593,8.116,8.169,8.116,8.116
ACB,6/26/2016,155327,8.063,8.169,8.063,8.169
ACB,6/27/2016,8858,8.116,8.169,8.063,8.116
ACB,6/28/2016,129719,8.116,8.169,8.116,8.116
ACB,6/29/2016,169131,8.116,8.169,8.116,8.116
ACB,6/30/2016,35893,8.116,8.169,8.063,8.116
ACB,7/1/2016,257992,8.116,8.222,8.116,8.169
ACB,7/2/2016,268393,8.169,8.222,8.169,8.169
ACB,7/3/2016,205475,8.169,8.169,8.116,8.116
ACB,7/4/2016,84169,8.116,8.169,8.116,8.116
ACB,7/5/2016,207999,8.116,8.222,8.116,8.222
ACB,7/6/2016,180993,8.222,8.275,8.169,8.169
ACB,7/7/2016,126818,8.169,8.169,8.063,8.169
ACB,7/8/2016,191523,8.222,8.222,8.116,8.169
ACB,7/9/2016,470018,8.169,8.222,8.063,8.116
ACB,7/10/2016,501637,8.116,8.116,8.063,8.063
ACB,7/11/2016,167512,8.063,8.169,8.063,8.116
ACB,7/12/2016,131467,8.116,8.169,8.063,8.116
ACB,7/13/2016,209149,8.169,8.169,8.063,8.063
ACB,7/14/2016,183662,8.116,8.116,8.063,8.063
ACB,7/15/2016,201378,8.116,8.116,8.063,8.116
ACB,7/16/2016,557885,8.116,8.222,8.063,8.169
ACB,7/17/2016,158279,8.169,8.222,8.063,8.063
ACB,7/18/2016,1142049,8.063,8.116,8.063,8.063
ACB,7/19/2016,1269874,8.116,8.116,8.01,8.063
ACB,7/20/2016,293429,8.063,8.116,8.01,8.063
ACB,7/21/2016,447374,8.063,8.063,8.01,8.063
ACB,7/22/2016,705098,8.063,8.116,8.01,8.063
ACB,7/23/2016,364170,8.116,8.116,8.063,8.063
ACB,7/24/2016,552547,8.063,8.116,8.01,8.063
ACB,7/25/2016,150682,8.063,8.116,8.01,8.063
ACB,7/26/2016,644463,8.063,8.063,8.01,8.063
ACB,7/27/2016,444371,8.063,8.116,8.01,8.063
ACB,7/28/2016,598063,8.063,8.063,8.01,8.01
ACB,7/29/2016,933338,8.063,8.063,8.01,8.01
ACB,7/30/2016,208282,7.957,8.01,7.957,8.01
ACB,7/31/2016,355142,8.01,8.01,7.957,8.01
ACB,8/1/2016,321979,8.063,8.063,7.957,8.01
ACB,8/2/2016,1463779,8.01,8.063,7.957,8.01
ACB,8/3/2016,589491,7.957,8.063,7.903,8.01
ACB,8/4/2016,436595,7.957,8.063,7.957,8.01
ACB,8/5/2016,791083,8.01,8.01,7.957,8.01
ACB,8/6/2016,667319,7.957,8.063,7.903,8.01
ACB,8/7/2016,396421,7.957,8.063,7.957,8.063
ACB,8/8/2016,204476,8.063,8.063,8.01,8.01
ACB,8/9/2016,544921,7.957,8.063,7.957,8.01
ACB,8/10/2016,59937,8.01,8.063,8.01,8.01
ACB,8/11/2016,304545,8.063,8.116,8.01,8.063
ACB,8/12/2016,98332,8.01,8.063,8.01,8.01
ACB,8/13/2016,409194,8.01,8.063,7.957,8.01
ACB,8/14/2016,473473,7.85,8.01,7.85,8.01
ACB,8/15/2016,200749,7.957,8.063,7.957,8.063
ACB,8/16/2016,117010,8.063,8.116,8.01,8.116
ACB,8/17/2016,45315,8.01,8.116,8.01,8.116
ACB,8/18/2016,189180,8.116,8.116,8.063,8.116
ACB,8/19/2016,88211,8.063,8.116,8.01,8.116
ACB,8/20/2016,398349,8.063,8.116,8.01,8.01
ACB,8/21/2016,1144558,8.063,8.275,8.063,8.275
ACB,8/22/2016,205313,8.328,8.328,8.222,8.275
ACB,8/23/2016,43456,8.275,8.328,8.169,8.169
ACB,8/24/2016,259753,8.169,8.487,8.169,8.328
ACB,8/25/2016,644475,8.328,8.752,8.222,8.487
ACB,8/26/2016,268332,8.487,8.54,8.381,8.487
ACB,8/27/2016,121004,8.381,8.434,8.328,8.328
ACB,8/28/2016,711841,8.328,8.381,8.275,8.381
ACB,8/29/2016,274155,8.381,8.434,8.275,8.328
ACB,8/30/2016,270053,8.328,8.381,8.275,8.275
ACB,8/31/2016,63497,8.328,8.328,8.222,8.275
ACB,9/1/2016,42681,8.328,8.328,8.169,8.169
ACB,9/2/2016,331354,8.169,8.169,8.116,8.116
ACB,9/3/2016,241829,8.222,8.275,8.116,8.169
ACB,9/4/2016,129687,8.222,8.222,8.063,8.063
ACB,9/5/2016,44430,8.169,8.222,8.116,8.169
ACB,9/6/2016,203727,8.222,8.222,8.063,8.063
ACB,9/7/2016,462423,8.169,8.169,8.063,8.063
ACB,9/8/2016,147928,8.01,8.063,8.01,8.01
ACB,9/9/2016,323568,8.116,8.275,8.063,8.063
ACB,9/10/2016,381864,8.063,8.381,8.01,8.275
ACB,9/11/2016,399718,8.275,8.381,8.222,8.275
ACB,9/12/2016,113484,8.275,8.275,8.116,8.275
ACB,9/13/2016,225857,8.222,8.275,8.116,8.116
ACB,9/14/2016,243586,8.116,8.169,8.116,8.169
ACB,9/15/2016,122780,8.116,8.275,8.116,8.222
ACB,9/16/2016,94733,8.222,8.275,8.222,8.222
ACB,9/17/2016,204221,8.222,8.275,8.222,8.222
ACB,9/18/2016,750239,8.116,8.222,8.116,8.169
ACB,9/19/2016,519039,8.116,8.169,8.01,8.116
ACB,9/20/2016,120637,8.116,8.169,8.116,8.169
ACB,9/21/2016,264106,8.169,8.222,8.116,8.169
ACB,9/22/2016,82191,8.169,8.169,8.116,8.116
ACB,9/23/2016,174423,8.116,8.222,8.116,8.222
ACB,9/24/2016,341790,8.222,8.275,8.169,8.222
ACB,9/25/2016,129736,8.222,8.222,8.169,8.169
ACB,9/26/2016,89575,8.116,8.169,8.116,8.169
ACB,9/27/2016,199678,8.169,8.169,8.116,8.116
ACB,9/28/2016,335608,8.116,8.169,8.01,8.116
ACB,9/29/2016,74187,8.116,8.169,8.116,8.169
ACB,9/30/2016,105356,8.169,8.169,8.063,8.116
ACB,10/1/2016,169288,8.063,8.222,8.01,8.222
ACB,10/2/2016,438972,8.222,8.487,8.222,8.328
ACB,10/3/2016,28051,8.328,8.381,8.275,8.381
ACB,10/4/2016,1307565,8.381,8.646,8.275,8.434
ACB,10/5/2016,694355,8.487,8.699,8.434,8.54
ACB,10/6/2016,784223,8.54,8.858,8.54,8.752
ACB,10/7/2016,566329,8.752,8.752,8.54,8.593
ACB,10/8/2016,461787,8.54,8.593,8.434,8.434
ACB,10/9/2016,705421,8.487,8.54,8.328,8.434
ACB,10/10/2016,434176,8.54,8.593,8.487,8.54
ACB,10/11/2016,141708,8.487,8.54,8.381,8.487
ACB,10/12/2016,387150,8.487,8.54,8.381,8.434
ACB,10/13/2016,567356,8.434,8.646,8.381,8.646
ACB,10/14/2016,2718110,8.593,9.124,8.593,9.071
ACB,10/15/2016,578744,9.071,9.177,9.071,9.124
ACB,10/16/2016,595041,9.177,9.23,8.752,9.124
ACB,10/17/2016,1809475,9.071,9.654,8.964,9.548
ACB,10/18/2016,808735,9.548,9.601,9.389,9.389
ACB,10/19/2016,901577,9.336,9.336,8.964,9.124
ACB,10/20/2016,500206,9.071,9.177,8.911,8.911
ACB,10/21/2016,1560628,8.911,8.964,8.434,8.434
ACB,10/22/2016,509926,8.381,8.54,8.275,8.54
ACB,10/23/2016,140368,8.54,8.699,8.54,8.54
ACB,10/24/2016,462389,8.54,8.699,7.903,8.699
ACB,10/25/2016,137565,8.699,8.805,8.54,8.54
ACB,10/26/2016,199218,8.487,8.699,8.487,8.593
ACB,10/27/2016,171384,8.593,8.752,8.593,8.699
ACB,10/28/2016,165723,8.699,8.752,8.646,8.699
ACB,10/29/2016,1226007,8.752,9.071,8.752,8.911
ACB,10/30/2016,265559,8.964,9.177,8.964,9.071
ACB,10/31/2016,1267329,9.124,9.389,9.071,9.177
ACB,11/1/2016,211750,9.177,9.23,9.017,9.177
ACB,11/2/2016,121355,9.23,9.23,9.017,9.017
ACB,11/3/2016,190092,9.124,9.124,8.964,9.017
ACB,11/4/2016,1138484,9.124,9.124,8.964,8.964
ACB,11/5/2016,777472,9.017,9.017,8.911,8.964
ACB,11/6/2016,300021,8.964,9.017,8.911,8.911
ACB,11/7/2016,607147,8.911,9.071,8.858,9.017
ACB,11/8/2016,301282,9.017,9.071,8.911,8.964
ACB,11/9/2016,182288,8.964,9.017,8.911,9.017
ACB,11/10/2016,1059000,9.017,9.177,9.017,9.071
ACB,11/11/2016,90312,8.964,9.071,8.805,9.017
ACB,11/12/2016,307075,9.017,9.071,8.964,8.964
ACB,11/13/2016,641813,9.017,9.017,8.911,8.964
ACB,11/14/2016,223553,8.964,9.017,8.964,8.964
ACB,11/15/2016,488910,8.116,9.017,8.116,8.964
ACB,11/16/2016,243319,9.017,9.548,8.964,8.964
ACB,11/17/2016,219328,8.964,9.071,8.964,9.071
ACB,11/18/2016,108265,9.017,9.017,8.964,8.964
ACB,11/19/2016,419789,8.964,8.964,8.858,8.911
ACB,11/20/2016,231369,8.911,9.017,8.911,9.017
ACB,11/21/2016,312536,9.017,9.071,8.964,9.017
ACB,11/22/2016,284167,9.017,9.017,8.911,8.911
ACB,11/23/2016,352837,8.858,8.964,8.858,8.911
ACB,11/24/2016,108659,8.911,8.964,8.858,8.858
ACB,11/25/2016,476301,8.858,8.911,8.752,8.752
ACB,11/26/2016,299740,8.752,8.911,8.752,8.805
ACB,11/27/2016,96547,8.805,8.911,8.752,8.911
ACB,11/28/2016,9335,8.911,8.911,8.858,8.911
ACB,11/29/2016,88211,8.911,8.911,8.805,8.858
ACB,11/30/2016,114574,8.805,8.858,8.805,8.805
ACB,12/1/2016,289344,8.805,8.805,8.699,8.752
ACB,12/2/2016,50154,8.752,8.858,8.752,8.805
ACB,12/3/2016,69636,8.858,8.858,8.805,8.805
ACB,12/4/2016,108807,8.752,8.805,8.699,8.805
ACB,12/5/2016,79366,8.752,8.805,8.699,8.752
ACB,12/6/2016,155566,8.752,8.805,8.646,8.752
ACB,12/7/2016,69627,8.752,8.805,8.699,8.805
ACB,12/8/2016,84783,8.752,8.805,8.699,8.752
ACB,12/9/2016,98692,8.752,8.752,8.646,8.646
ACB,12/10/2016,198845,8.646,8.805,8.646,8.752
ACB,12/11/2016,73531,8.752,8.805,8.646,8.752
ACB,12/12/2016,57971,8.699,8.805,8.646,8.646
ACB,12/13/2016,326041,8.858,8.964,8.858,8.911
ACB,12/14/2016,31700,8.964,8.964,8.699,8.699
ACB,12/15/2016,91453,8.646,8.805,8.54,8.805
ACB,12/16/2016,273324,8.805,8.911,8.699,8.805
ACB,12/17/2016,228922,8.752,8.858,8.699,8.805
ACB,12/18/2016,322905,8.858,8.858,8.752,8.752
ACB,12/19/2016,254392,8.805,8.858,8.752,8.805
ACB,12/20/2016,112532,8.752,8.805,8.646,8.805
ACB,12/21/2016,616942,8.752,8.858,8.646,8.752
ACB,12/22/2016,185596,8.699,8.911,8.699,8.858
ACB,12/23/2016,124547,8.969,8.969,8.803,8.914
ACB,12/24/2016,401974,8.914,8.914,8.748,8.803
ACB,12/25/2016,67465,8.914,8.969,8.803,8.858
ACB,12/26/2016,173514,8.803,9.08,8.803,8.914
ACB,12/27/2016,83863,9.024,9.08,8.914,9.024
ACB,12/28/2016,252456,9.024,9.08,8.914,8.914
ACB,12/29/2016,724312,9.08,9.191,9.024,9.191
ACB,12/30/2016,2912366,9.191,9.689,9.135,9.689
ACB,12/31/2016,1505872,9.689,10.021,9.523,9.966
ACB,1/1/2017,2863477,9.966,10.907,9.855,10.575
ACB,1/2/2017,1455136,10.519,10.796,10.519,10.685
ACB,1/3/2017,1817346,10.519,11.405,10.519,11.128
ACB,1/4/2017,2203023,11.128,11.239,10.741,10.796
ACB,1/5/2017,1383058,10.796,10.962,10.741,10.907
ACB,1/6/2017,2034745,10.907,11.737,10.852,11.35
ACB,1/7/2017,2169630,11.35,12.014,11.35,11.959
ACB,1/8/2017,2101647,11.959,12.679,11.959,12.125
ACB,1/9/2017,1953114,12.236,12.402,11.737,12.125
ACB,1/10/2017,1764831,11.959,12.125,11.682,12.125
ACB,1/11/2017,1459175,12.07,12.513,11.904,11.904
ACB,1/12/2017,1110952,11.959,12.125,11.682,11.793
ACB,1/13/2017,1768098,11.793,12.125,11.793,12.07
ACB,1/14/2017,1552552,12.18,12.457,11.848,11.848
ACB,1/15/2017,820913,11.737,11.904,11.571,11.737
ACB,1/16/2017,1123929,11.737,12.125,11.737,11.904
ACB,1/17/2017,696317,11.959,12.18,11.904,12.014
ACB,1/18/2017,1506883,11.904,12.291,11.904,12.125
ACB,1/19/2017,1313946,12.125,12.291,12.07,12.07
ACB,1/20/2017,1162184,12.18,12.18,11.848,11.848
ACB,1/21/2017,1076362,12.734,13.011,11.848,11.959
ACB,1/22/2017,1822767,11.904,12.07,11.627,11.627
ACB,1/23/2017,1549883,11.571,11.627,11.35,11.516
ACB,1/24/2017,1652905,11.516,11.904,11.35,11.35
ACB,1/25/2017,917993,11.405,11.571,11.35,11.461
ACB,1/26/2017,2437671,11.184,11.682,11.184,12.014
ACB,1/27/2017,3180367,12.07,12.568,12.07,12.347
ACB,1/28/2017,4550371,12.457,12.956,12.402,12.956
ACB,1/29/2017,3168790,12.956,13.398,12.623,13.066
ACB,1/30/2017,2614185,12.845,13.177,12.457,12.679
ACB,1/31/2017,2080813,12.513,12.679,12.402,12.568
ACB,2/1/2017,1232351,12.568,12.9,12.568,12.568
ACB,2/2/2017,1100804,12.568,12.789,12.513,12.623
ACB,2/3/2017,4151377,12.679,13.066,12.679,12.845
ACB,2/4/2017,2092677,12.956,12.956,12.513,12.513
ACB,2/5/2017,1345188,12.457,12.513,12.236,12.457
ACB,2/6/2017,1343613,12.402,12.457,12.18,12.18
ACB,2/7/2017,2147886,12.125,12.125,11.737,12.07
ACB,2/8/2017,1218338,11.904,12.125,11.682,11.737
ACB,2/9/2017,949589,12.9,12.9,11.627,12.457
ACB,2/10/2017,1611767,12.568,12.568,12.07,12.07
ACB,2/11/2017,436856,12.07,12.347,12.014,12.125
ACB,2/12/2017,971393,12.347,12.347,12.125,12.18
ACB,2/13/2017,1075012,12.457,13.398,11.959,12.125
ACB,2/14/2017,603458,12.014,12.18,12.014,12.014
ACB,2/15/2017,611914,11.959,12.18,11.904,12.014
ACB,2/16/2017,617919,12.07,12.07,11.959,11.959
ACB,2/17/2017,1346786,11.959,11.959,11.35,11.516
ACB,2/18/2017,785851,11.627,11.627,11.405,11.405
ACB,2/19/2017,520957,11.405,11.571,11.405,11.571
ACB,2/20/2017,356422,11.627,11.627,11.35,11.35
ACB,2/21/2017,398548,11.35,11.516,11.295,11.35
ACB,2/22/2017,519198,11.35,11.737,11.239,11.737
ACB,2/23/2017,558977,11.793,11.959,11.571,11.571
ACB,2/24/2017,888315,11.571,11.737,11.295,11.35
ACB,2/25/2017,997198,11.295,11.35,11.073,11.128
ACB,2/26/2017,1394919,11.128,11.128,10.962,10.962
ACB,2/27/2017,2033264,10.962,10.962,10.298,10.353
ACB,2/28/2017,942099,10.298,10.575,10.076,10.519
ACB,3/1/2017,655138,10.519,10.796,10.353,10.63
ACB,3/2/2017,329154,10.741,10.741,10.464,10.464
ACB,3/3/2017,1538546,10.409,10.464,10.132,10.464
ACB,3/4/2017,3004902,10.741,11.461,9.467,9.467
ACB,3/5/2017,1317233,9.523,9.966,9.191,9.855
ACB,3/6/2017,1021021,9.966,10.243,9.855,10.187
ACB,3/7/2017,483966,10.243,10.464,10.076,10.298
ACB,3/8/2017,1011076,10.298,10.409,10.243,10.409
ACB,3/9/2017,337001,10.409,10.464,10.132,10.132
ACB,3/10/2017,395960,10.187,10.187,9.966,10.076
ACB,3/11/2017,236948,10.076,10.187,9.966,10.021
ACB,3/12/2017,234541,9.855,10.076,9.855,9.91
ACB,3/13/2017,254119,9.91,10.132,9.91,10.021
ACB,3/14/2017,544987,10.021,10.519,9.966,10.519
ACB,3/15/2017,1269252,10.575,10.796,10.575,10.796
ACB,3/16/2017,469562,10.63,10.796,10.409,10.63
ACB,3/17/2017,291567,10.63,10.685,10.464,10.519
ACB,3/18/2017,216379,10.575,10.741,10.353,10.464
ACB,3/19/2017,277201,10.519,10.519,10.243,10.353
ACB,3/20/2017,173009,10.243,10.409,10.243,10.353
ACB,3/21/2017,1170313,10.464,10.741,10.409,10.575
ACB,3/22/2017,523955,10.685,10.796,10.575,10.685
ACB,3/23/2017,251522,10.685,10.741,10.63,10.685
ACB,3/24/2017,545612,10.685,10.796,10.63,10.63
ACB,3/25/2017,375188,10.741,10.741,10.519,10.685
ACB,3/26/2017,1787010,10.685,11.295,10.63,10.796
ACB,3/27/2017,582003,10.796,10.907,10.741,10.907
ACB,3/28/2017,478871,10.907,11.018,10.685,10.685
ACB,3/29/2017,540291,10.63,10.796,10.409,10.741
ACB,3/30/2017,223224,10.796,10.852,10.741,10.741
ACB,3/31/2017,410653,10.685,10.796,9.689,10.741
ACB,4/1/2017,286620,10.741,10.796,10.741,10.796
ACB,4/2/2017,397712,10.796,10.852,10.685,10.852
ACB,4/3/2017,1617034,10.907,11.295,10.907,11.184
ACB,4/4/2017,339689,11.295,11.295,11.018,11.018
ACB,4/5/2017,978512,10.962,11.461,10.962,11.184
ACB,4/6/2017,1007395,11.35,11.461,11.295,11.405
ACB,4/7/2017,866575,11.461,11.571,11.35,11.571
ACB,4/8/2017,416604,11.461,11.516,11.405,11.516
ACB,4/9/2017,536226,11.461,11.516,11.35,11.516
ACB,4/10/2017,670407,11.405,11.571,11.35,11.516
ACB,4/11/2017,779571,11.571,11.627,11.461,11.461
ACB,4/12/2017,322903,11.239,11.571,11.239,11.461
ACB,4/13/2017,270748,11.461,11.516,11.295,11.405
ACB,4/14/2017,509537,11.405,11.516,11.35,11.35
ACB,4/15/2017,318241,11.295,11.516,11.295,11.516
ACB,4/16/2017,316813,11.516,11.571,11.461,11.516
ACB,4/17/2017,446068,11.516,11.627,11.516,11.571
ACB,4/18/2017,130805,11.461,11.571,11.405,11.571
ACB,4/19/2017,141227,11.405,11.516,11.405,11.405
ACB,4/20/2017,370163,11.461,11.516,11.405,11.516
ACB,4/21/2017,302886,11.461,11.627,11.461,11.516
ACB,4/22/2017,88953,11.516,11.516,11.295,11.405
ACB,4/23/2017,228926,11.295,11.461,11.295,11.405
ACB,4/24/2017,206369,11.461,11.461,11.295,11.295
ACB,4/25/2017,236069,11.295,11.405,11.295,11.35
ACB,4/26/2017,109096,11.405,11.461,11.184,11.405
ACB,4/27/2017,113436,11.461,11.461,11.295,11.295
ACB,4/28/2017,107799,11.904,11.904,11.184,11.184
ACB,4/29/2017,114419,11.239,11.239,11.018,11.018
ACB,4/30/2017,347065,11.073,11.239,11.018,11.239
ACB,5/1/2017,161372,11.239,11.35,11.184,11.35
ACB,5/2/2017,330171,11.128,11.295,11.073,11.184
ACB,5/3/2017,189038,11.073,11.239,11.073,11.128
ACB,5/4/2017,191669,11.128,11.184,11.073,11.184
ACB,5/5/2017,270000,11.128,11.184,11.073,11.128
ACB,5/6/2017,95521,11.128,11.128,11.073,11.073
ACB,5/7/2017,249194,11.073,11.073,10.962,11.018
ACB,5/8/2017,188893,9.966,11.128,9.966,10.852
ACB,5/9/2017,158896,10.741,11.018,10.685,10.852
ACB,5/10/2017,225899,10.796,10.962,10.796,10.852
ACB,5/11/2017,288007,10.907,10.962,10.741,10.741
ACB,5/12/2017,118416,10.907,10.907,10.519,10.741
ACB,5/13/2017,127795,10.796,10.796,10.575,10.741
ACB,5/14/2017,317513,10.796,10.796,10.685,10.796
ACB,5/15/2017,217455,10.741,10.852,10.741,10.741
ACB,5/16/2017,168893,10.741,10.796,10.63,10.741
ACB,5/17/2017,191942,10.741,10.796,10.741,10.741
ACB,5/18/2017,358722,10.741,10.852,10.63,10.852
ACB,5/19/2017,35248,10.741,10.852,10.741,10.852
ACB,5/20/2017,97474,10.796,10.796,10.63,10.685
ACB,5/21/2017,76978,10.796,10.796,10.63,10.741
ACB,5/22/2017,18690,10.63,10.741,10.519,10.741
ACB,5/23/2017,334825,10.741,10.741,10.685,10.685
ACB,5/24/2017,417731,10.741,10.852,10.575,10.685
ACB,5/25/2017,118629,10.685,10.796,10.685,10.796
ACB,5/26/2017,110552,10.796,10.796,10.63,10.63
ACB,5/27/2017,116494,10.519,10.796,10.519,10.741
ACB,5/28/2017,7206,10.741,10.741,10.685,10.685
ACB,5/29/2017,180103,10.63,10.741,10.575,10.63
ACB,5/30/2017,83690,10.575,10.685,10.575,10.63
ACB,5/31/2017,77025,10.575,10.685,10.575,10.63
ACB,6/1/2017,56583,10.63,10.741,10.575,10.685
ACB,6/2/2017,120402,10.63,10.796,10.519,10.741
ACB,6/3/2017,41954,10.741,10.796,10.63,10.796
ACB,6/4/2017,88983,10.796,10.962,10.796,10.962
ACB,6/5/2017,65813,10.962,10.962,10.852,10.907
ACB,6/6/2017,86108,10.852,10.852,10.685,10.741
ACB,6/7/2017,73308,10.741,10.796,10.685,10.796
ACB,6/8/2017,169823,10.685,10.741,10.519,10.575
ACB,6/9/2017,153174,10.519,10.575,10.519,10.575
ACB,6/10/2017,67557,10.519,10.575,10.464,10.519
ACB,6/11/2017,86971,10.519,10.685,10.519,10.519
ACB,6/12/2017,146939,10.685,10.685,10.519,10.519
ACB,6/13/2017,570473,10.63,10.63,10.464,10.519
ACB,6/14/2017,470650,10.519,10.63,10.519,10.575
ACB,6/15/2017,588587,10.243,10.464,10.243,10.298
ACB,6/16/2017,129920,10.409,10.464,10.353,10.464
ACB,6/17/2017,352807,10.464,10.464,10.353,10.464
ACB,6/18/2017,164666,10.464,10.464,10.243,10.464
ACB,6/19/2017,53123,10.353,10.409,10.243,10.298
ACB,6/20/2017,258300,10.353,10.685,10.353,10.575
ACB,6/21/2017,79142,10.575,10.575,10.353,10.519
ACB,6/22/2017,278940,10.575,10.575,10.409,10.519
ACB,6/23/2017,52848,11.571,11.571,10.353,10.519
ACB,6/24/2017,155287,10.464,10.519,10.409,10.519
ACB,6/25/2017,286611,10.464,10.519,10.353,10.464
ACB,6/26/2017,204867,10.409,10.519,10.353,10.519
ACB,6/27/2017,144488,10.519,10.519,10.464,10.519
ACB,6/28/2017,216789,10.519,10.519,10.464,10.519
ACB,6/29/2017,107940,10.464,10.685,10.464,10.575
ACB,6/30/2017,45443,10.519,10.63,10.409,10.519
ACB,7/1/2017,206245,10.519,10.796,10.519,10.741
ACB,7/2/2017,255550,10.741,10.741,10.519,10.63
ACB,7/3/2017,117968,10.575,10.796,10.575,10.63
ACB,7/4/2017,292625,10.741,10.741,10.575,10.63
ACB,7/5/2017,169306,10.519,10.796,10.519,10.63
ACB,7/6/2017,484640,10.685,10.796,10.63,10.63
ACB,7/7/2017,1108418,10.076,11.184,10.076,11.073
ACB,7/8/2017,307596,11.461,11.959,10.907,10.962
ACB,7/9/2017,98781,10.962,11.018,10.907,11.018
ACB,7/10/2017,347721,11.018,11.018,10.796,10.907
ACB,7/11/2017,253778,10.907,10.962,10.852,10.852
ACB,7/12/2017,338183,10.852,10.852,10.741,10.796
ACB,7/13/2017,378912,10.852,10.852,10.685,10.796
ACB,7/14/2017,191725,10.741,10.907,10.685,10.907
ACB,7/15/2017,304676,10.796,10.962,10.796,10.962
ACB,7/16/2017,631935,10.907,10.907,10.519,10.519
ACB,7/17/2017,131575,10.741,10.741,10.575,10.741
ACB,7/18/2017,230929,10.685,10.741,10.63,10.685
ACB,7/19/2017,69858,10.63,10.796,10.63,10.741
ACB,7/20/2017,234920,10.63,10.741,10.575,10.575
ACB,7/21/2017,136124,10.852,10.852,10.575,10.63
ACB,7/22/2017,154493,10.685,10.685,10.575,10.63
ACB,7/23/2017,93807,10.685,10.685,10.519,10.575
ACB,7/24/2017,88891,10.519,10.63,10.519,10.575
ACB,7/25/2017,88387,10.464,10.685,10.076,10.519
ACB,7/26/2017,259055,10.409,10.519,10.353,10.464
ACB,7/27/2017,631305,10.409,10.464,10.298,10.409
ACB,7/28/2017,108551,10.464,10.464,10.353,10.353
ACB,7/29/2017,51077,10.519,10.519,10.298,10.298
ACB,7/30/2017,51136,10.409,10.409,10.243,10.298
ACB,7/31/2017,131680,10.243,10.298,10.243,10.243
ACB,8/1/2017,389061,10.353,10.353,9.744,9.8
ACB,8/2/2017,188128,10.187,10.187,9.966,10.132
ACB,8/3/2017,227069,10.243,10.353,10.132,10.132
ACB,8/4/2017,125170,10.243,10.243,9.966,10.132
ACB,8/5/2017,106661,10.076,10.076,9.966,9.966
ACB,8/6/2017,297939,9.966,9.966,9.855,9.91
ACB,8/7/2017,59128,9.966,10.132,9.966,10.076
ACB,8/8/2017,93208,10.132,10.243,10.076,10.243
ACB,8/9/2017,88501,10.187,10.187,10.132,10.187
ACB,8/10/2017,129164,10.187,10.187,10.132,10.132
ACB,8/11/2017,171165,10.132,10.132,9.966,10.021
ACB,8/12/2017,162080,9.966,10.076,9.855,9.855
ACB,8/13/2017,120251,10.132,10.132,9.855,9.91
ACB,8/14/2017,50161,10.076,10.076,9.8,9.855
ACB,8/15/2017,132207,9.966,9.966,9.8,9.8
ACB,8/16/2017,138317,9.8,9.8,9.689,9.8
ACB,8/17/2017,228353,9.689,10.076,9.689,10.076
ACB,8/18/2017,34730,9.966,10.132,9.91,9.966
ACB,8/19/2017,212600,9.966,10.021,9.91,9.966
ACB,8/20/2017,435282,10.021,10.021,9.855,9.855
ACB,8/21/2017,71195,9.966,9.966,9.8,9.8
ACB,8/22/2017,136314,9.8,9.91,9.744,9.91
ACB,8/23/2017,86794,9.8,9.966,9.744,9.91
ACB,8/24/2017,273988,9.8,9.91,9.744,9.855
ACB,8/25/2017,200528,9.91,9.91,9.8,9.855
ACB,8/26/2017,422351,9.855,9.966,9.8,9.966
ACB,8/27/2017,167442,10.021,10.021,9.8,9.91
ACB,8/28/2017,655600,9.91,9.966,9.8,9.91
ACB,8/29/2017,1028438,9.966,10.575,9.966,10.409
ACB,8/30/2017,548475,10.409,10.63,10.298,10.353
ACB,8/31/2017,349413,10.298,10.519,10.298,10.519
ACB,9/1/2017,482207,10.519,10.63,10.409,10.519
ACB,9/2/2017,940104,10.464,10.962,10.353,10.685
ACB,9/3/2017,185767,10.685,10.741,10.519,10.741
ACB,9/4/2017,90936,10.519,10.741,10.464,10.575
ACB,9/5/2017,260704,10.464,10.464,10.243,10.243
ACB,9/6/2017,370068,10.243,10.353,10.243,10.243
ACB,9/7/2017,315583,10.243,10.353,10.187,10.187
ACB,9/8/2017,675476,10.243,10.298,10.076,10.132
ACB,9/9/2017,307594,10.132,10.243,10.132,10.243
ACB,9/10/2017,162730,10.298,10.298,10.187,10.243
ACB,9/11/2017,343491,10.409,10.409,10.187,10.187
ACB,9/12/2017,130742,10.353,10.353,10.187,10.243
ACB,9/13/2017,89583,10.187,10.298,10.187,10.243
ACB,9/14/2017,171114,10.243,10.353,10.187,10.243
ACB,9/15/2017,257973,10.243,10.519,10.243,10.353
ACB,9/16/2017,50616,10.353,10.353,10.298,10.353
ACB,9/17/2017,77133,10.353,10.464,10.298,10.409
ACB,9/18/2017,151075,10.409,10.464,10.353,10.464
ACB,9/19/2017,148742,10.409,10.575,10.409,10.519
ACB,9/20/2017,250413,10.464,10.63,10.409,10.519
ACB,9/21/2017,204545,10.519,10.63,10.464,10.575
ACB,9/22/2017,92888,10.575,10.575,10.519,10.575
ACB,9/23/2017,245152,10.575,10.63,10.519,10.575
ACB,9/24/2017,214686,10.519,10.575,10.519,10.575
ACB,9/25/2017,89792,10.519,10.63,10.519,10.63
ACB,9/26/2017,236015,10.575,10.63,10.519,10.63
ACB,9/27/2017,196660,10.519,10.63,10.519,10.63
ACB,9/28/2017,112902,10.519,10.63,10.519,10.63
ACB,9/29/2017,277604,10.519,10.63,9.966,10.63
ACB,9/30/2017,185131,10.187,10.575,10.187,10.575
ACB,10/1/2017,33673,10.298,10.519,10.298,10.519
ACB,10/2/2017,118611,10.353,10.519,10.353,10.519
ACB,10/3/2017,37383,10.519,10.519,10.409,10.519
ACB,10/4/2017,290301,10.353,10.519,10.298,10.519
ACB,10/5/2017,523482,10.353,10.353,10.187,10.243
ACB,10/6/2017,405536,10.243,10.353,10.132,10.243
ACB,10/7/2017,216514,10.243,10.243,10.132,10.243
ACB,10/8/2017,83305,10.243,10.464,10.243,10.353
ACB,10/9/2017,385275,10.353,10.353,10.243,10.353
ACB,10/10/2017,462690,10.298,10.353,10.243,10.243
ACB,10/11/2017,48351,10.243,10.243,10.132,10.243
ACB,10/12/2017,789534,10.243,10.741,10.243,10.519
ACB,10/13/2017,1544750,10.519,10.796,10.519,10.519
ACB,10/14/2017,395355,10.685,10.685,10.464,10.519
ACB,10/15/2017,106804,10.409,10.464,10.243,10.464
ACB,10/16/2017,841163,10.464,10.464,10.021,10.243
ACB,10/17/2017,197071,10.243,10.243,10.132,10.243
ACB,10/18/2017,208074,10.298,10.353,10.132,10.132
ACB,10/19/2017,127542,10.132,10.132,10.021,10.021
ACB,10/20/2017,132929,10.021,10.132,9.966,10.021
ACB,10/21/2017,258896,10.021,10.076,9.91,9.91
ACB,10/22/2017,107086,9.91,10.021,9.91,9.91
ACB,10/23/2017,60328,9.966,9.966,9.855,9.91
ACB,10/24/2017,249526,9.91,10.021,9.855,10.021
ACB,10/25/2017,70539,9.966,10.021,9.855,9.855
ACB,10/26/2017,138619,9.855,9.855,9.689,9.689
ACB,10/27/2017,136086,9.689,9.689,9.578,9.578
ACB,10/28/2017,199145,9.689,9.8,9.633,9.689
ACB,10/29/2017,127002,9.689,9.8,9.633,9.744
ACB,10/30/2017,125604,9.744,9.744,9.633,9.744
ACB,10/31/2017,58677,9.744,9.8,9.689,9.744
ACB,11/1/2017,246142,9.8,9.8,9.689,9.8
ACB,11/2/2017,28966,9.8,9.8,9.744,9.8
ACB,11/3/2017,87594,9.855,9.91,9.744,9.8
ACB,11/4/2017,72123,9.744,9.8,9.689,9.689
ACB,11/5/2017,192423,9.689,9.966,9.689,9.855
ACB,11/6/2017,211820,9.855,9.855,9.744,9.8
ACB,11/7/2017,205562,9.8,9.966,9.744,9.744
ACB,11/8/2017,228140,9.744,9.744,9.689,9.744
ACB,11/9/2017,117377,9.689,9.744,9.689,9.689
ACB,11/10/2017,181555,9.689,9.744,9.633,9.744
ACB,11/11/2017,96614,9.744,9.8,9.689,9.689
ACB,11/12/2017,155428,9.744,9.855,9.689,9.855
ACB,11/13/2017,135006,9.689,9.91,9.689,9.91
ACB,11/14/2017,241684,9.91,9.91,9.855,9.855
ACB,11/15/2017,100891,9.855,9.855,9.855,9.855
ACB,11/16/2017,348280,9.91,9.966,9.855,9.966
ACB,11/17/2017,147013,9.966,9.966,9.91,9.91
ACB,11/18/2017,142209,9.855,9.855,9.8,9.855
ACB,11/19/2017,181707,9.855,9.91,9.855,9.91
ACB,11/20/2017,67622,9.855,9.91,9.8,9.855
ACB,11/21/2017,70299,9.8,9.855,9.744,9.855
ACB,11/22/2017,17073,9.578,9.855,9.578,9.8
ACB,11/23/2017,247962,9.744,9.744,9.633,9.744
ACB,11/24/2017,138519,9.689,9.744,9.633,9.689
ACB,11/25/2017,273677,9.689,9.689,9.578,9.633
ACB,11/26/2017,290044,9.578,9.633,9.467,9.578
ACB,11/27/2017,216803,9.467,9.578,9.412,9.578
ACB,11/28/2017,71504,9.523,9.578,9.467,9.467
ACB,11/29/2017,212918,9.467,9.578,9.412,9.467
ACB,11/30/2017,327862,9.467,9.8,9.467,9.633
ACB,12/1/2017,94371,9.689,9.689,9.578,9.578
ACB,12/2/2017,98099,9.523,9.633,9.523,9.633
ACB,12/3/2017,99663,9.633,9.633,9.523,9.523
ACB,12/4/2017,203162,9.467,9.633,9.467,9.578
ACB,12/5/2017,1735370,9.523,10.076,9.523,10.076
ACB,12/6/2017,746675,10.132,10.187,10.076,10.132
ACB,12/7/2017,509147,10.132,10.187,10.021,10.132
ACB,12/8/2017,1056570,10.187,10.685,10.132,10.298
ACB,12/9/2017,1315156,10.298,10.741,10.298,10.575
ACB,12/10/2017,1174027,10.575,10.907,10.575,10.796
ACB,12/11/2017,804951,10.852,10.852,10.63,10.796
ACB,12/12/2017,857640,10.685,10.741,10.353,10.519
ACB,12/13/2017,1075516,10.519,10.685,10.464,10.519
ACB,12/14/2017,588000,10.519,10.685,10.464,10.519
ACB,12/15/2017,1340320,10.575,10.962,10.519,10.685
ACB,12/16/2017,537429,10.63,10.796,10.63,10.741
ACB,12/17/2017,722338,10.741,10.796,10.685,10.685
ACB,12/18/2017,686129,10.63,10.63,10.575,10.575
ACB,12/19/2017,692732,10.575,10.63,10.519,10.63
ACB,12/20/2017,1615645,10.63,10.962,10.63,10.852
ACB,12/21/2017,319381,10.852,10.907,10.685,10.796
ACB,12/22/2017,208571,10.796,10.796,10.685,10.741
ACB,12/23/2017,787240,10.685,10.741,10.519,10.519
ACB,12/24/2017,412569,10.519,10.63,10.409,10.63
ACB,12/25/2017,222890,10.63,10.63,10.519,10.575
ACB,12/26/2017,334005,10.575,10.63,10.519,10.63
ACB,12/27/2017,197200,10.575,10.741,10.519,10.741
ACB,12/28/2017,362979,10.685,10.741,10.519,10.519
ACB,12/29/2017,444696,10.519,10.685,10.519,10.63
ACB,12/30/2017,135001,10.575,10.63,10.519,10.575
ACB,12/31/2017,475974,10.575,10.575,10.409,10.519
ACB,1/1/2018,93869,10.519,10.519,10.464,10.519
ACB,1/2/2018,254598,10.519,10.575,10.464,10.575
ACB,1/3/2018,434327,10.575,10.575,10.519,10.519
ACB,1/4/2018,922115,10.519,10.519,9.966,10.353
ACB,1/5/2018,270672,10.353,10.63,10.353,10.575
ACB,1/6/2018,325179,10.575,10.63,10.519,10.575
ACB,1/7/2018,342658,10.575,10.575,10.519,10.519
ACB,1/8/2018,265588,10.63,10.63,10.519,10.575
ACB,1/9/2018,298784,10.575,10.575,10.464,10.464
ACB,1/10/2018,391419,10.519,10.575,10.519,10.519
ACB,1/11/2018,419927,10.519,10.519,10.464,10.464
ACB,1/12/2018,82974,10.575,10.63,10.519,10.519
ACB,1/13/2018,522084,10.575,10.575,10.519,10.575
ACB,1/14/2018,333479,10.575,10.685,10.575,10.685
ACB,1/15/2018,279383,10.685,10.741,10.63,10.741
ACB,1/16/2018,324713,10.575,10.741,10.575,10.741
ACB,1/17/2018,199672,10.741,10.796,10.575,10.575
ACB,1/18/2018,424406,10.519,10.575,10.519,10.575
ACB,1/19/2018,273354,10.519,10.63,10.519,10.575
ACB,1/20/2018,628244,10.696,11,10.696,10.939
ACB,1/21/2018,116871,10.939,10.939,10.636,10.757
ACB,1/22/2018,80726,10.818,10.818,10.636,10.636
ACB,1/23/2018,394523,10.757,10.818,10.392,10.392
ACB,1/24/2018,372000,10.392,10.392,10.089,10.21
ACB,1/25/2018,362047,10.453,10.453,10.21,10.21
ACB,1/26/2018,169550,10.271,10.453,10.21,10.392
ACB,1/27/2018,50147,10.392,10.392,10.271,10.332
ACB,1/28/2018,205983,10.332,10.332,10.089,10.089
ACB,1/29/2018,154306,10.21,10.332,10.089,10.089
ACB,1/30/2018,233530,10.332,10.332,10.089,10.149
ACB,1/31/2018,185611,10.332,10.453,10.21,10.453
ACB,2/1/2018,382813,10.575,10.575,10.332,10.332
ACB,2/2/2018,449377,10.392,10.392,10.271,10.332
ACB,2/3/2018,1545920,10.392,11.061,10.392,10.879
ACB,2/4/2018,707949,10.879,10.939,10.636,10.818
ACB,2/5/2018,641734,10.636,10.818,10.453,10.514
ACB,2/6/2018,234033,10.575,10.818,10.514,10.818
ACB,2/7/2018,526880,10.636,10.818,10.575,10.575
ACB,2/8/2018,363088,10.696,10.696,10.636,10.636
ACB,2/9/2018,656328,10.575,10.818,10.514,10.696
ACB,2/10/2018,218098,10.757,10.818,10.636,10.696
ACB,2/11/2018,2648619,10.757,11.547,10.757,11.547
ACB,2/12/2018,1215916,11.547,11.851,11.547,11.608
ACB,2/13/2018,776411,11.669,11.73,11.486,11.608
ACB,2/14/2018,2319658,11.608,12.702,11.486,12.216
ACB,2/15/2018,1597294,12.216,12.702,12.216,12.641
ACB,2/16/2018,1550744,12.641,12.823,12.337,12.763
ACB,2/17/2018,2381585,12.641,13.249,12.641,13.127
ACB,2/18/2018,1905964,13.067,13.492,12.945,13.127
ACB,2/19/2018,2025074,13.006,13.37,12.884,13.067
ACB,2/20/2018,946850,13.067,13.249,12.945,13.249
ACB,2/21/2018,2300490,13.37,14.161,13.31,13.978
ACB,2/22/2018,2238536,13.978,14.404,13.917,14.039
ACB,2/23/2018,892729,14.039,14.221,13.796,13.978
ACB,2/24/2018,1011025,13.978,14.404,13.978,14.039
ACB,2/25/2018,1427112,14.039,14.039,13.614,13.917
ACB,2/26/2018,1189428,13.917,14.464,13.735,14.282
ACB,2/27/2018,719301,14.221,14.343,14.039,14.343
ACB,2/28/2018,1141727,14.343,14.525,13.917,14.464
ACB,3/1/2018,1850445,14.464,14.89,14.464,14.708
ACB,3/2/2018,2907778,14.708,14.768,14.282,14.343
ACB,3/3/2018,1350815,14.464,14.708,14.221,14.404
ACB,3/4/2018,1031674,14.404,14.525,14.161,14.404
ACB,3/5/2018,791194,14.404,14.404,14.282,14.404
ACB,3/6/2018,3874167,14.404,14.647,14.404,14.525
ACB,3/7/2018,1813202,14.647,14.647,14.161,14.282
ACB,3/8/2018,1036903,14.282,14.343,14.1,14.282
ACB,3/9/2018,2828444,14.282,14.404,14.1,14.161
ACB,3/10/2018,2727981,14.221,14.282,13.796,13.796
ACB,3/11/2018,1459279,13.674,13.978,13.674,13.796
ACB,3/12/2018,1987602,13.796,14.039,13.735,13.796
ACB,3/13/2018,1632740,13.796,13.917,13.735,13.796
ACB,3/14/2018,1465518,13.796,13.796,13.431,13.735
ACB,3/15/2018,986149,13.735,13.735,13.553,13.735
ACB,3/16/2018,3358406,13.796,14.343,13.735,13.796
ACB,3/17/2018,1072861,13.796,13.978,13.796,13.917
ACB,3/18/2018,812423,13.978,14.039,13.796,13.917
ACB,3/19/2018,1559509,13.857,13.857,13.492,13.735
ACB,3/20/2018,585840,13.735,13.735,13.492,13.674
ACB,3/21/2018,1082782,13.674,13.857,13.37,13.857
ACB,3/22/2018,1262108,13.917,14.039,13.735,13.735
ACB,3/23/2018,564149,13.857,13.857,13.614,13.674
ACB,3/24/2018,5430107,13.674,14.586,13.553,14.161
ACB,3/25/2018,4112579,14.161,14.525,14.161,14.221
ACB,3/26/2018,6575687,14.161,14.586,14.161,14.404
ACB,3/27/2018,5182446,14.404,14.404,13.917,13.917
ACB,3/28/2018,1716584,13.917,14.1,13.796,13.857
ACB,3/29/2018,3029454,13.857,14.221,13.553,14.039
ACB,3/30/2018,3042352,14.1,14.221,14.039,14.1
ACB,3/31/2018,8768695,14.221,14.829,13.978,14.221
ACB,4/1/2018,8432853,14.282,14.586,14.221,14.525
ACB,4/2/2018,17470866,14.647,15.255,14.586,15.194
ACB,4/3/2018,7564717,15.194,15.558,15.133,15.194
ACB,4/4/2018,5078866,15.194,15.255,14.951,15.133
ACB,4/5/2018,11950135,15.133,15.741,15.072,15.498
ACB,4/6/2018,7647079,15.498,15.741,15.133,15.315
ACB,4/7/2018,6389346,15.315,15.376,14.951,15.011
ACB,4/8/2018,7723234,15.072,15.133,14.768,14.951
ACB,4/9/2018,4337380,14.951,15.194,14.89,15.011
ACB,4/10/2018,3906825,15.072,15.194,14.829,14.89
ACB,4/11/2018,7506100,14.89,15.194,14.647,15.194
ACB,4/12/2018,7046182,15.255,15.619,15.133,15.376
ACB,4/13/2018,4808644,15.376,15.619,15.255,15.315
ACB,4/14/2018,4367449,15.315,15.315,14.951,15.072
ACB,4/15/2018,6865473,15.072,15.194,14.708,14.829
ACB,4/16/2018,5672401,14.829,14.829,14.404,14.404
ACB,4/17/2018,6890678,14.404,14.525,13.978,14.039
ACB,4/18/2018,3196438,14.039,14.282,13.978,13.978
ACB,4/19/2018,4721325,13.978,14.1,13.674,13.917
ACB,4/20/2018,2947571,13.917,14.161,13.674,13.674
ACB,4/21/2018,3235126,13.735,13.917,13.553,13.917
ACB,4/22/2018,1488393,13.917,13.917,13.796,13.796
ACB,4/23/2018,1693968,13.796,13.978,13.735,13.796
ACB,4/24/2018,1918722,13.796,13.857,13.674,13.796
ACB,4/25/2018,1713729,13.674,13.796,13.674,13.674
ACB,4/26/2018,2956606,13.553,13.735,13.431,13.431
ACB,4/27/2018,1946724,13.553,13.857,13.431,13.796
ACB,4/28/2018,1427492,13.796,13.978,13.735,13.796
ACB,4/29/2018,5247973,13.735,14.221,13.492,14.1
ACB,4/30/2018,4314700,14.1,14.525,14.1,14.464
ACB,5/1/2018,2487667,14.525,14.586,14.343,14.464
ACB,5/2/2018,2534639,14.464,14.586,14.221,14.282
ACB,5/3/2018,2195316,14.221,14.343,13.978,14.039
ACB,5/4/2018,3082253,14.039,14.464,13.978,14.404
ACB,5/5/2018,2834424,14.525,14.586,14.343,14.404
ACB,5/6/2018,2016137,14.404,14.525,14.221,14.221
ACB,5/7/2018,2317880,14.343,14.404,14.221,14.343
ACB,5/8/2018,2563169,14.343,14.404,14.161,14.282
ACB,5/9/2018,6686571,14.161,14.768,14.161,14.525
ACB,5/10/2018,4053130,14.525,14.829,14.525,14.829
ACB,5/11/2018,7305484,14.829,15.255,14.708,14.89
ACB,5/12/2018,5561454,14.89,15.255,14.768,15.011
ACB,5/13/2018,13344096,15.011,15.619,15.011,15.255
ACB,5/14/2018,5190770,15.315,15.437,14.89,14.89
ACB,5/15/2018,4510468,14.89,15.498,14.89,15.315
ACB,5/16/2018,7376054,15.376,15.68,15.255,15.255
ACB,5/17/2018,3177483,15.255,15.315,15.133,15.194
ACB,5/18/2018,4005891,15.072,15.498,15.072,15.255
ACB,5/19/2018,5383326,15.255,15.558,15.133,15.194
ACB,5/20/2018,2975307,15.133,15.437,15.133,15.194
ACB,5/21/2018,3642379,15.194,15.437,15.072,15.072
ACB,5/22/2018,3879924,15.072,15.133,14.829,15.011
ACB,5/23/2018,3407893,15.011,15.315,15.011,15.072
ACB,5/24/2018,4584040,15.315,15.376,15.133,15.376
ACB,5/25/2018,15923121,15.498,16.227,15.315,16.045
ACB,5/26/2018,2950260,16.045,16.166,15.741,15.862
ACB,5/27/2018,2687599,15.802,16.105,15.802,15.923
ACB,5/28/2018,4461293,15.923,16.045,15.741,15.802
ACB,5/29/2018,4212445,15.802,16.288,15.741,16.105
ACB,5/30/2018,3447046,16.166,16.349,16.105,16.227
ACB,5/31/2018,3336098,16.227,16.288,16.045,16.045
ACB,6/1/2018,1766685,16.045,16.105,15.984,16.045
ACB,6/2/2018,4128970,16.166,16.227,16.045,16.166
ACB,6/3/2018,3305541,16.227,16.47,16.227,16.288
ACB,6/4/2018,6428413,16.288,16.349,15.862,15.984
ACB,6/5/2018,3275235,15.984,16.105,15.862,15.862
ACB,6/6/2018,4741778,15.802,15.862,15.558,15.619
ACB,6/7/2018,1976216,15.619,15.923,15.619,15.862
ACB,6/8/2018,1120510,15.802,15.923,15.68,15.741
ACB,6/9/2018,1416715,15.68,15.802,15.558,15.68
ACB,6/10/2018,1527304,15.68,15.862,15.68,15.802
ACB,6/11/2018,1091462,15.862,15.923,15.741,15.741
ACB,6/12/2018,4660996,15.802,16.227,15.802,16.045
ACB,6/13/2018,1503228,16.045,16.166,15.862,15.923
ACB,6/14/2018,2450778,15.923,16.166,15.862,16.105
ACB,6/15/2018,2362791,16.105,16.166,15.984,16.105
ACB,6/16/2018,4371570,16.105,16.349,15.984,16.105
ACB,6/17/2018,4371807,16.105,16.166,15.68,15.741
ACB,6/18/2018,2571159,15.741,15.802,15.619,15.741
ACB,6/19/2018,1910043,15.741,15.923,15.741,15.741
ACB,6/20/2018,1209261,15.741,15.802,15.619,15.741
ACB,6/21/2018,603670,15.802,15.802,15.619,15.68
ACB,6/22/2018,5200562,15.68,15.68,15.133,15.133
ACB,6/23/2018,3668866,15.133,15.376,15.072,15.255
ACB,6/24/2018,961892,15.255,15.376,15.255,15.255
ACB,6/25/2018,1203056,15.255,15.315,15.133,15.315
ACB,6/26/2018,587880,15.315,15.376,15.194,15.194
ACB,6/27/2018,1838789,15.194,15.194,14.829,15.011
ACB,6/28/2018,1330028,15.133,15.255,15.072,15.255
ACB,6/29/2018,1071431,15.255,15.619,15.255,15.558
ACB,6/30/2018,956154,15.376,15.619,15.255,15.437
ACB,7/1/2018,1182950,15.498,15.741,15.498,15.68
ACB,7/2/2018,2578890,15.802,15.923,15.68,15.802
ACB,7/3/2018,2578002,15.862,16.105,15.862,15.862
ACB,7/4/2018,2597289,15.741,15.862,15.619,15.862
ACB,7/5/2018,1541288,15.862,15.862,15.68,15.802
ACB,7/6/2018,1975456,15.68,15.741,15.619,15.68
ACB,7/7/2018,2433040,15.68,15.984,15.68,15.802
ACB,7/8/2018,630072,16.045,16.105,15.741,15.802
ACB,7/9/2018,2713865,15.802,15.802,15.437,15.558
ACB,7/10/2018,1875308,15.437,15.619,15.376,15.437
ACB,7/11/2018,1274528,15.498,15.498,15.376,15.437
ACB,7/12/2018,1082601,15.376,15.619,15.376,15.619
ACB,7/13/2018,1315945,15.619,15.741,15.619,15.68
ACB,7/14/2018,801736,15.68,15.741,15.619,15.741
ACB,7/15/2018,909945,15.802,15.862,15.558,15.558
ACB,7/16/2018,1934088,15.498,15.619,15.315,15.619
ACB,7/17/2018,7261098,15.619,16.288,15.619,15.923
ACB,7/18/2018,1622508,15.984,16.105,15.802,15.923
ACB,7/19/2018,1217596,15.862,16.105,15.862,16.045
ACB,7/20/2018,11936641,16.045,16.774,16.045,16.652
ACB,7/21/2018,3331128,16.652,17.199,16.652,16.774
ACB,7/22/2018,4358894,16.774,17.443,16.774,17.321
ACB,7/23/2018,7024275,17.321,17.929,17.078,17.382
ACB,7/24/2018,2719864,17.382,17.564,17.199,17.321
ACB,7/25/2018,3814615,17.382,17.929,17.382,17.443
ACB,7/26/2018,1166917,17.443,17.503,17.139,17.382
ACB,7/27/2018,1630241,17.382,17.746,17.382,17.625
ACB,7/28/2018,1031464,17.686,17.686,17.443,17.564
ACB,7/29/2018,1932142,17.564,17.686,17.321,17.382
ACB,7/30/2018,2195679,17.382,17.443,17.017,17.078
ACB,7/31/2018,3508489,17.017,17.321,16.713,16.713
ACB,8/1/2018,2032181,16.713,17.078,16.652,16.896
ACB,8/2/2018,1114515,16.956,17.26,16.896,17.26
ACB,8/3/2018,3282427,17.199,17.321,17.078,17.139
ACB,8/4/2018,2643892,17.139,17.321,17.017,17.078
ACB,8/5/2018,2012239,17.078,17.382,17.078,17.139
ACB,8/6/2018,2190901,17.139,17.443,17.078,17.078
ACB,8/7/2018,1452362,17.199,17.26,17.078,17.078
ACB,8/8/2018,2285925,17.199,17.382,17.017,17.26
ACB,8/9/2018,6513325,17.26,17.807,17.26,17.746
ACB,8/10/2018,5564361,17.746,18.476,17.625,18.293
ACB,8/11/2018,4552608,18.415,18.719,18.293,18.597
ACB,8/12/2018,1897578,18.537,18.537,18.233,18.293
ACB,8/13/2018,2013078,20.117,20.117,18.233,18.415
ACB,8/14/2018,1515183,18.415,18.658,18.293,18.597
ACB,8/15/2018,1242997,18.658,18.658,18.415,18.476
ACB,8/16/2018,2252071,18.354,18.537,18.172,18.415
ACB,8/17/2018,3187181,18.415,18.78,18.415,18.78
ACB,8/18/2018,5017903,18.78,19.084,18.537,18.537
ACB,8/19/2018,4548459,18.537,19.084,18.537,19.023
ACB,8/20/2018,5041385,19.023,19.631,19.023,19.387
ACB,8/21/2018,2741785,18.84,19.631,18.84,19.387
ACB,8/22/2018,2984590,19.448,19.57,19.327,19.448
ACB,8/23/2018,2278750,19.448,19.509,19.266,19.327
ACB,8/24/2018,2882764,19.387,19.752,19.144,19.691
ACB,8/25/2018,2174691,19.691,19.934,19.631,19.874
ACB,8/26/2018,1569307,19.874,19.934,19.813,19.934
ACB,8/27/2018,3739868,20.178,20.421,19.934,19.995
ACB,8/28/2018,3194761,19.995,20.056,19.57,19.691
ACB,8/29/2018,3831184,19.691,19.752,19.144,19.266
ACB,8/30/2018,4279873,19.266,19.266,18.658,18.658
ACB,8/31/2018,4281217,16.835,18.962,16.835,18.901
ACB,9/1/2018,1813010,18.962,19.509,18.84,19.387
ACB,9/2/2018,3166737,19.387,19.509,19.084,19.144
ACB,9/3/2018,1496449,19.144,19.387,18.962,19.387
ACB,9/4/2018,3288753,19.509,19.691,19.023,19.023
ACB,9/5/2018,3891821,19.387,19.387,18.415,18.597
ACB,9/6/2018,1571026,18.597,18.84,18.597,18.658
ACB,9/7/2018,5336420,18.658,18.719,18.111,18.111
ACB,9/8/2018,3533501,18.111,18.537,17.807,18.476
ACB,9/9/2018,1313400,18.233,18.78,18.233,18.719
ACB,9/10/2018,2022651,18.719,18.901,18.658,18.719
ACB,9/11/2018,2206289,18.78,19.084,18.719,19.084
ACB,9/12/2018,1928002,19.084,19.266,18.962,19.144
ACB,9/13/2018,3752929,19.144,19.631,19.144,19.448
ACB,9/14/2018,3062002,19.509,19.631,19.266,19.327
ACB,9/15/2018,3041633,19.327,19.995,19.205,19.57
ACB,9/16/2018,2427395,19.934,20.056,19.57,19.752
ACB,9/17/2018,6911346,19.813,20.178,19.752,20.117
ACB,9/18/2018,3765164,20.178,20.299,19.813,20.117
ACB,9/19/2018,2343500,20.117,20.178,19.691,19.934
ACB,9/20/2018,3305750,19.934,20.36,19.752,19.934
ACB,9/21/2018,4784426,19.874,20.603,19.448,20.603
ACB,9/22/2018,4147582,20.603,21.15,20.481,20.664
ACB,9/23/2018,2528993,20.785,20.785,20.36,20.725
ACB,9/24/2018,2915974,20.725,21.028,20.542,20.785
ACB,9/25/2018,2446522,20.664,20.968,20.542,20.664
ACB,9/26/2018,2413381,20.664,21.028,20.664,20.968
ACB,9/27/2018,6495458,21.15,21.575,21.028,21.211
ACB,9/28/2018,3627491,21.272,21.454,21.15,21.393
ACB,9/29/2018,4653488,21.393,22.244,21.393,22.183
ACB,9/30/2018,4032861,22.244,22.244,21.272,21.272
ACB,10/1/2018,4829989,21.211,21.575,20.968,21.211
ACB,10/2/2018,4089675,21.211,22.001,21.211,22.001
ACB,10/3/2018,1676245,22.001,22.001,21.697,21.879
ACB,10/4/2018,3885196,21.819,21.819,21.272,21.515
ACB,10/5/2018,10908154,21.454,21.636,19.387,21.028
ACB,10/6/2018,2646546,21.028,21.15,20.056,20.542
ACB,10/7/2018,3019694,20.542,20.846,20.421,20.785
ACB,10/8/2018,1877817,20.785,20.968,20.603,20.785
ACB,10/9/2018,3076174,20.968,21.393,20.968,21.332
ACB,10/10/2018,3271244,21.515,21.515,21.089,21.15
ACB,10/11/2018,6919446,21.15,21.515,21.089,21.15
ACB,10/12/2018,7130105,21.393,21.393,21.089,21.089
ACB,10/13/2018,3411633,21.089,21.211,20.907,21.028
ACB,10/14/2018,5335313,21.028,21.272,20.846,20.968
ACB,10/15/2018,8068982,20.968,21.089,20.785,21.089
ACB,10/16/2018,10971255,21.089,22.305,21.089,22.183
ACB,10/17/2018,9370037,22.244,22.548,22.244,22.366
ACB,10/18/2018,7349544,22.487,22.791,22.244,22.426
ACB,10/19/2018,6017758,22.487,23.642,22.366,23.581
ACB,10/20/2018,8319799,23.581,23.763,23.095,23.52
ACB,10/21/2018,10473728,23.52,23.642,23.338,23.581
ACB,10/22/2018,10618208,23.703,24.007,23.338,23.581
ACB,10/23/2018,6383594,23.581,24.371,23.581,24.371
ACB,10/24/2018,7807876,24.432,24.736,23.703,24.493
ACB,10/25/2018,7631188,24.614,24.736,23.946,24.189
ACB,10/26/2018,8102108,24.189,24.31,23.703,24.31
ACB,10/27/2018,12452854,24.31,24.432,23.642,23.763
ACB,10/28/2018,5539276,23.763,23.885,23.277,23.703
ACB,10/29/2018,5572862,23.703,23.885,23.399,23.581
ACB,10/30/2018,6715863,23.581,24.432,23.52,23.703
ACB,10/31/2018,6142526,23.277,24.007,23.277,24.007
ACB,11/1/2018,7696151,24.067,24.553,23.824,24.007
ACB,11/2/2018,7478756,24.007,24.614,24.007,24.432
ACB,11/3/2018,13036302,24.614,25.404,24.432,25.161
ACB,11/4/2018,6811073,25.344,25.708,24.979,24.979
ACB,11/5/2018,13869382,25.04,25.951,24.493,25.404
ACB,11/6/2018,8178319,25.526,25.83,25.1,25.587
ACB,11/7/2018,8124539,25.526,26.012,25.465,25.526
ACB,11/8/2018,6461959,25.465,25.465,25.04,25.283
ACB,11/9/2018,10589614,25.283,25.83,25.222,25.344
ACB,11/10/2018,10586663,25.344,25.465,24.736,24.918
ACB,11/11/2018,6269627,24.918,25.344,24.857,25.222
ACB,11/12/2018,8336855,25.283,25.587,24.25,24.31
ACB,11/13/2018,12060028,23.46,24.007,21.94,23.642
ACB,11/14/2018,4319674,23.763,25.465,23.763,24.736
ACB,11/15/2018,3310238,24.736,25.04,24.007,24.007
ACB,11/16/2018,6353634,22.183,24.432,22.183,24.25
ACB,11/17/2018,3536613,24.736,25.526,24.736,25.526
ACB,11/18/2018,8972175,25.83,26.802,25.526,26.559
ACB,11/19/2018,5431171,26.559,27.532,26.559,27.045
ACB,11/20/2018,5767643,27.228,27.349,26.681,26.863
ACB,11/21/2018,6801591,26.863,27.349,26.681,27.167
ACB,11/22/2018,16534058,27.228,28.079,27.228,27.532
ACB,11/23/2018,6757803,27.592,28.261,27.471,28.2
ACB,11/24/2018,7032534,28.261,28.808,27.835,28.565
ACB,11/25/2018,8850875,28.565,28.869,27.775,27.957
ACB,11/26/2018,8661694,27.957,28.382,27.471,28.261
ACB,11/27/2018,10153697,28.261,28.626,26.741,26.741
ACB,11/28/2018,7041528,26.741,27.896,26.681,27.896
ACB,11/29/2018,8255091,27.957,28.2,27.288,27.471
ACB,11/30/2018,6649055,27.835,27.835,27.349,27.532
ACB,12/1/2018,7946207,27.653,28.504,27.592,28.443
ACB,12/2/2018,8135512,28.565,29.537,28.565,29.537
ACB,12/3/2018,6060098,29.598,29.902,29.173,29.902
ACB,12/4/2018,4894269,30.692,30.996,29.78,29.902
ACB,12/5/2018,6634861,29.963,30.145,29.537,30.023
ACB,12/6/2018,6850517,30.267,30.814,30.084,30.631
ACB,12/7/2018,8044770,30.996,31.421,30.753,31.421
ACB,12/8/2018,6809628,31.756,32.424,31.421,32.357
ACB,12/9/2018,9404770,32.357,32.625,31.756,32.023
ACB,12/10/2018,8813922,32.023,32.157,31.288,31.421
ACB,12/11/2018,9627168,31.421,31.421,29.75,30.753
ACB,12/12/2018,4210021,30.753,31.622,30.485,31.622
ACB,12/13/2018,4943658,31.822,32.29,31.555,31.756
ACB,12/14/2018,3405211,31.689,31.822,31.221,31.354
ACB,12/15/2018,3051053,31.555,31.555,31.154,31.154
ACB,12/16/2018,3129226,30.753,31.354,30.753,31.221
ACB,12/17/2018,6540521,31.288,32.892,31.288,32.892
ACB,12/18/2018,5350979,32.892,33.093,32.424,32.758
ACB,12/19/2018,5318102,32.758,33.293,32.692,32.825
ACB,12/20/2018,5884531,32.892,33.293,32.758,33.293
ACB,12/21/2018,8228256,33.36,34.363,33.293,34.029
ACB,12/22/2018,5197450,34.096,34.43,33.694,34.162
ACB,12/23/2018,6806244,34.229,34.497,33.494,33.761
ACB,12/24/2018,9538950,33.761,34.029,32.625,32.625
ACB,12/25/2018,5391272,32.157,33.36,32.157,33.36
ACB,12/26/2018,4640092,33.427,33.694,32.357,32.424
ACB,12/27/2018,4168818,32.357,32.825,31.889,32.491
ACB,12/28/2018,4670260,32.491,33.093,32.29,33.093
ACB,12/29/2018,4841893,33.093,33.628,32.558,32.692
ACB,12/30/2018,7397037,32.09,32.758,31.555,31.889
ACB,12/31/2018,5160463,32.09,32.29,31.689,32.157
ACB,1/1/2019,12181923,32.357,32.625,29.416,29.75
ACB,1/2/2019,5475448,29.817,30.352,28.881,29.683
ACB,1/3/2019,10897776,29.75,29.75,27.076,27.143
ACB,1/4/2019,6981677,24.468,29.416,24.468,28.346
ACB,1/5/2019,3992414,28.747,28.814,27.744,28.079
ACB,1/6/2019,5527977,26.474,29.282,26.474,29.081
ACB,1/7/2019,4382180,29.081,29.549,28.881,29.148
ACB,1/8/2019,6492908,29.215,30.753,29.148,30.753
ACB,1/9/2019,4044562,30.753,30.886,30.285,30.352
ACB,1/10/2019,4434068,30.352,30.352,29.483,29.683
ACB,1/11/2019,6788733,29.683,29.951,28.079,28.346
ACB,1/12/2019,5899505,28.346,29.549,27.744,29.416
ACB,1/13/2019,1854161,29.483,29.817,29.081,29.616
ACB,1/14/2019,4313050,29.817,30.285,29.416,29.75
ACB,1/15/2019,5890590,29.616,32.692,28.747,28.747
ACB,1/16/2019,3027146,28.413,29.148,28.413,28.68
ACB,1/17/2019,4050782,28.68,29.015,27.477,28.613
ACB,1/18/2019,2854957,28.814,28.948,28.212,28.212
ACB,1/19/2019,7230318,28.079,28.079,26.808,27.477
ACB,1/20/2019,4257030,27.544,27.744,26.875,27.744
ACB,1/21/2019,2034381,27.878,27.878,27.343,27.41
ACB,1/22/2019,5040923,27.41,27.744,26.675,26.741
ACB,1/23/2019,9935223,26.407,26.608,24.067,24.201
ACB,1/24/2019,7022043,21.794,26.474,21.794,26.273
ACB,1/25/2019,4561839,26.407,26.541,25.605,25.672
ACB,1/26/2019,5325965,25.672,26.741,25.538,26.741
ACB,1/27/2019,8081520,26.741,27.544,26.34,27.076
ACB,1/28/2019,8295910,26.741,28.079,26.407,28.079
ACB,1/29/2019,7019328,28.079,28.279,27.611,27.878
ACB,1/30/2019,8479168,27.878,29.081,27.611,28.948
ACB,1/31/2019,7796946,28.948,29.148,28.346,28.346
ACB,2/1/2019,5538799,28.346,29.015,28.279,28.814
ACB,2/2/2019,6176216,28.881,29.282,28.279,28.48
ACB,2/3/2019,10382741,29.416,29.416,27.009,27.811
ACB,2/4/2019,3497809,27.878,28.212,27.41,27.744
ACB,2/5/2019,5679487,27.744,28.079,27.143,27.143
ACB,2/6/2019,4920854,27.276,27.811,26.875,27.611
ACB,2/7/2019,7596458,27.677,27.945,26.541,26.608
ACB,2/8/2019,12929077,26.608,26.608,24.669,26.073
ACB,2/9/2019,4361100,26.073,26.608,25.806,26.34
ACB,2/10/2019,2368390,26.407,26.407,25.471,25.538
ACB,2/11/2019,3945255,25.471,26.407,25.07,26.34
ACB,2/12/2019,4200377,26.14,26.875,25.471,26.273
ACB,2/13/2019,3339742,26.273,26.273,25.672,25.872
ACB,2/14/2019,4023013,26.073,26.207,25.07,25.07
ACB,2/15/2019,7592460,25.07,25.07,24,24.134
ACB,2/16/2019,4534490,24.201,24.602,23.733,23.8
ACB,2/17/2019,10258807,23.8,23.8,21.928,22.262
ACB,2/18/2019,11031372,22.329,22.73,20.457,20.725
ACB,2/19/2019,6173943,20.39,21.393,20.39,21.393
ACB,2/20/2019,7401850,20.925,21.393,19.722,19.989
ACB,2/21/2019,11748533,19.387,21.928,19.387,21.928
ACB,2/22/2019,6861700,22.062,22.797,21.928,22.062
ACB,2/23/2019,4852585,22.062,22.864,21.995,22.663
ACB,2/24/2019,10506123,22.329,22.396,20.725,21.326
ACB,2/25/2019,6208818,23.399,23.399,21.326,22.128
ACB,2/26/2019,5894846,22.128,23.064,20.725,22.864
ACB,2/27/2019,5637635,23.064,23.532,22.864,23.064
ACB,2/28/2019,7681351,24,24,22.663,23.8
ACB,3/1/2019,6520101,24.067,24.402,23.399,24.201
ACB,3/2/2019,9481373,24.201,24.201,23.532,23.666
ACB,3/3/2019,13350863,23.666,24.602,23.131,24.602
ACB,3/4/2019,7434687,24.669,24.736,23.867,23.867
ACB,3/5/2019,6566775,23.867,25.07,23.064,23.532
ACB,3/6/2019,6698921,25.07,25.07,22.73,22.73
ACB,3/7/2019,9463526,20.457,23.867,20.457,23.265
ACB,3/8/2019,6406494,23.399,24,23.332,23.8
ACB,3/9/2019,5155744,23.867,24.402,23.8,24.134
ACB,3/10/2019,6237383,24.067,24.402,23.8,23.934
ACB,3/11/2019,5041684,23.934,24.134,23.466,23.733
ACB,3/12/2019,6802378,23.733,23.8,23.198,23.733
ACB,3/13/2019,5632846,23.934,24.335,23.733,23.733
ACB,3/14/2019,3557862,23.733,23.934,23.332,23.532
ACB,3/15/2019,4996966,23.599,23.934,23.332,23.733
ACB,3/16/2019,9103352,23.8,24.535,23.733,24.535
ACB,3/17/2019,9010698,24.535,25.137,24.535,24.602
ACB,3/18/2019,7388632,24.602,24.936,24.201,24.936
ACB,3/19/2019,10985291,24.936,25.471,24.602,25.471
ACB,3/20/2019,4985995,25.672,25.672,25.07,25.07
ACB,3/21/2019,9049826,25.204,25.471,24.669,24.736
ACB,3/22/2019,10027200,24.602,24.87,24.067,24.602
ACB,3/23/2019,4730663,24.602,25.137,24.602,24.602
ACB,3/24/2019,4862041,24.669,24.936,24.402,24.535
ACB,3/25/2019,7725274,24.535,25.338,24.535,25.338
ACB,3/26/2019,6771291,25.404,25.672,25.204,25.271
ACB,3/27/2019,4509696,25.338,25.605,25.204,25.538
ACB,3/28/2019,11390217,25.538,26.273,25.338,25.939
ACB,3/29/2019,4757886,26.073,26.407,25.939,25.939
ACB,3/30/2019,7716636,26.006,26.207,25.939,26.006
ACB,3/31/2019,6903990,26.273,26.407,25.939,26.273
ACB,4/1/2019,6300352,26.34,26.541,26.207,26.541
ACB,4/2/2019,6411086,26.541,26.541,26.006,26.14
ACB,4/3/2019,8920018,26.006,26.073,25.271,25.404
ACB,4/4/2019,7192500,25.338,25.605,24.87,25.137
ACB,4/5/2019,4116964,26.136,26.29,25.06,25.137
ACB,4/6/2019,3233856,25.137,25.675,25.137,25.675
ACB,4/7/2019,4096237,25.675,25.675,23.676,25.214
ACB,4/8/2019,5071323,25.137,25.521,25.137,25.368
ACB,4/9/2019,3855979,25.521,25.598,25.291,25.291
ACB,4/10/2019,8323573,25.368,25.983,25.291,25.675
ACB,4/11/2019,5385843,25.675,26.059,25.675,25.906
ACB,4/12/2019,2482367,25.906,25.906,25.521,25.521
ACB,4/13/2019,3137124,25.368,25.752,25.291,25.752
ACB,4/14/2019,3640721,25.829,26.059,25.675,25.752
ACB,4/15/2019,4518691,25.752,26.059,25.675,25.983
ACB,4/16/2019,9487636,26.059,26.444,25.983,26.444
ACB,4/17/2019,3649689,26.521,26.674,26.367,26.367
ACB,4/18/2019,5202815,26.29,26.598,26.136,26.136
ACB,4/19/2019,3792443,26.136,26.444,25.983,26.059
ACB,4/20/2019,3827941,26.059,26.213,25.906,26.059
ACB,4/21/2019,4921728,26.136,26.521,26.059,26.213
ACB,4/22/2019,4191734,26.213,26.444,25.906,25.906
ACB,4/23/2019,6790900,25.906,25.983,25.368,25.598
ACB,4/24/2019,2543055,26.136,26.136,25.521,25.752
ACB,4/25/2019,4137883,25.752,26.29,25.752,26.136
ACB,4/26/2019,5442456,26.136,26.29,25.829,25.829
ACB,4/27/2019,2829817,25.752,26.059,25.675,25.906
ACB,4/28/2019,3915576,25.906,26.059,25.829,25.906
ACB,4/29/2019,3646329,25.906,26.059,25.752,25.829
ACB,4/30/2019,12217583,25.598,25.598,23.369,23.83
ACB,5/1/2019,6405271,23.523,24.599,23.061,24.599
ACB,5/2/2019,3126103,24.753,24.753,23.83,23.83
ACB,5/3/2019,2527413,23.83,24.214,23.83,24.061
ACB,5/4/2019,2982530,24.368,24.599,24.138,24.214
ACB,5/5/2019,2200538,24.214,24.214,23.753,23.83
ACB,5/6/2019,2843911,23.753,24.599,23.215,23.83
ACB,5/7/2019,2144343,23.83,24.061,23.676,23.676
ACB,5/8/2019,5280687,23.676,23.676,22.677,22.754
ACB,5/9/2019,4449376,22.754,23.292,22.523,22.523
ACB,5/10/2019,6696193,22.216,22.6,21.216,22.216
ACB,5/11/2019,3752200,22.37,22.985,21.755,21.755
ACB,5/12/2019,5203080,21.755,21.831,21.14,21.524
ACB,5/13/2019,4716896,21.524,22.37,21.37,21.908
ACB,5/14/2019,6238079,21.985,23.292,21.985,23.292
ACB,5/15/2019,3777885,23.292,23.523,22.523,22.523
ACB,5/16/2019,5679536,22.677,23.369,22.677,23.369
ACB,5/17/2019,4017407,23.369,23.446,22.754,23.215
ACB,5/18/2019,3457499,23.215,23.369,22.6,22.6
ACB,5/19/2019,3830219,22.677,22.831,22.293,22.523
ACB,5/20/2019,3392168,22.831,23.061,22.523,22.6
ACB,5/21/2019,3878137,22.6,22.754,22.062,22.062
ACB,5/22/2019,2309081,22.062,22.139,21.755,22.062
ACB,5/23/2019,3581362,21.985,21.985,21.524,21.755
ACB,5/24/2019,4281838,21.678,21.908,21.063,21.216
ACB,5/25/2019,3510449,20.832,21.601,20.832,21.14
ACB,5/26/2019,4578482,21.14,22.216,21.14,21.908
ACB,5/27/2019,2912171,21.755,22.293,21.755,22.293
ACB,5/28/2019,2820363,22.293,22.293,21.985,22.216
ACB,5/29/2019,3198587,21.985,22.293,21.755,22.216
ACB,5/30/2019,5728604,22.985,23.138,22.37,22.6
ACB,5/31/2019,3496821,22.677,22.677,22.293,22.293
ACB,6/1/2019,2124358,21.908,22.37,21.908,22.37
ACB,6/2/2019,3382006,22.37,22.523,21.985,22.139
ACB,6/3/2019,4125668,20.601,22.677,20.601,22.6
ACB,6/4/2019,4611013,22.677,23.061,22.677,22.677
ACB,6/5/2019,3865203,21.14,23.138,21.14,22.908
ACB,6/6/2019,6102356,22.985,24.061,22.985,24.061
ACB,6/7/2019,3645131,24.061,24.291,23.676,23.907
ACB,6/8/2019,4484099,23.753,23.984,23.369,23.83
ACB,6/9/2019,4351387,23.676,24.061,23.523,23.676
ACB,6/10/2019,2977348,23.753,24.061,23.523,23.523
ACB,6/11/2019,3472651,23.446,23.753,22.985,23.446
ACB,6/12/2019,3232136,21.14,23.83,21.14,23.523
ACB,6/13/2019,1505970,23.292,23.753,23.292,23.753
ACB,6/14/2019,2305792,23.83,23.907,23.6,23.6
ACB,6/15/2019,2730648,23.6,23.6,23.369,23.369
ACB,6/16/2019,3572621,23.292,23.369,22.754,22.754
ACB,6/17/2019,3504672,22.6,22.754,22.293,22.754
ACB,6/18/2019,1716927,24.983,24.983,22.446,22.754
ACB,6/19/2019,1523037,22.6,22.831,22.523,22.754
ACB,6/20/2019,2173460,22.677,22.677,22.37,22.6
ACB,6/21/2019,2911022,21.524,22.677,21.524,22.293
ACB,6/22/2019,5606958,22.139,22.139,21.601,22.139
ACB,6/23/2019,1975552,19.986,22.293,19.986,22.062
ACB,6/24/2019,3134624,22.6,22.831,22.293,22.6
ACB,6/25/2019,2853215,22.677,22.754,22.293,22.754
ACB,6/26/2019,1434973,22.754,22.754,22.216,22.446
ACB,6/27/2019,2544955,20.217,22.37,20.217,21.601
ACB,6/28/2019,3605927,21.524,21.908,21.216,21.755
ACB,6/29/2019,1698671,22.216,22.216,21.908,22.062
ACB,6/30/2019,1100811,24.138,24.138,21.908,21.908
ACB,7/1/2019,2857127,21.985,22.37,21.908,22.293
ACB,7/2/2019,1793461,22.293,22.37,22.216,22.216
ACB,7/3/2019,1626159,22.293,22.37,22.139,22.216
ACB,7/4/2019,1219096,22.139,22.216,22.062,22.062
ACB,7/5/2019,1172253,21.678,22.37,20.371,22.37
ACB,7/6/2019,662592,22.37,22.523,22.139,22.139
ACB,7/7/2019,959400,22.216,22.37,22.139,22.216
ACB,7/8/2019,1838053,22.293,22.293,21.831,21.985
ACB,7/9/2019,2705542,22.062,23.061,22.062,22.677
ACB,7/10/2019,2401007,22.831,22.908,22.37,22.37
ACB,7/11/2019,1509105,22.293,22.446,22.216,22.37
ACB,7/12/2019,2267963,22.446,22.677,22.293,22.446
ACB,7/13/2019,1088203,22.908,22.908,22.37,22.446
ACB,7/14/2019,1297059,22.446,22.523,21.524,22.216
ACB,7/15/2019,1419898,22.139,22.293,21.985,22.293
ACB,7/16/2019,2036430,23.83,23.83,22.293,22.523
ACB,7/17/2019,2178488,22.754,22.908,22.523,22.6
ACB,7/18/2019,1016092,22.6,22.754,22.523,22.677
ACB,7/19/2019,2229467,22.908,23.753,22.754,23.215
ACB,7/20/2019,2679264,23.215,23.523,23.215,23.446
ACB,7/21/2019,2722904,23.523,23.6,23.292,23.446
ACB,7/22/2019,1766336,23.446,23.446,23.138,23.138
ACB,7/23/2019,2831817,23.138,23.369,23.061,23.215
ACB,7/24/2019,2483030,23.215,23.446,23.215,23.369
ACB,7/25/2019,3583520,23.446,23.446,23.215,23.292
ACB,7/26/2019,2202967,23.292,23.446,23.215,23.369
ACB,7/27/2019,3864114,23.369,23.6,23.138,23.138
ACB,7/28/2019,5169997,23.215,23.676,23.061,23.446
ACB,7/29/2019,5039527,23.6,24.138,23.446,23.83
ACB,7/30/2019,2962195,23.676,23.984,23.523,23.676
ACB,7/31/2019,2009600,23.676,23.753,23.446,23.523
ACB,8/1/2019,4934770,23.676,23.676,22.831,22.831
ACB,8/2/2019,1923732,22.908,23.138,22.677,23.061
ACB,8/3/2019,4059693,23.061,23.446,22.985,23.369
ACB,8/4/2019,3207751,23.369,23.6,23.138,23.292
ACB,8/5/2019,1533070,23.215,23.369,23.061,23.292
ACB,8/6/2019,4295068,23.369,23.6,23.292,23.446
ACB,8/7/2019,1843054,23.369,23.523,23.215,23.292
ACB,8/8/2019,1342732,23.292,23.523,23.215,23.369
ACB,8/9/2019,3257656,23.446,23.753,23.292,23.753
ACB,8/10/2019,7120071,23.907,24.368,23.753,24.138
ACB,8/11/2019,3035163,24.138,24.599,24.061,24.214
ACB,8/12/2019,3447156,24.291,24.445,24.061,24.368
ACB,8/13/2019,4864778,24.445,24.753,24.368,24.522
ACB,8/14/2019,3679910,24.599,24.599,23.984,24.061
ACB,8/15/2019,4088907,24.138,24.138,23.6,23.83
ACB,8/16/2019,3824192,23.83,24.138,23.369,23.369
ACB,8/17/2019,2366465,23.369,23.6,23.369,23.446
ACB,8/18/2019,2959691,23.369,23.369,22.985,23.138
ACB,8/19/2019,2003573,23.215,23.369,23.138,23.292
ACB,8/20/2019,1114805,23.369,23.523,23.215,23.369
ACB,8/21/2019,1777903,23.369,23.446,23.215,23.292
ACB,8/22/2019,2491457,23.292,23.446,23.215,23.292
ACB,8/23/2019,977904,23.292,23.446,23.292,23.292
ACB,8/24/2019,1540945,23.446,23.6,23.292,23.292
ACB,8/25/2019,1814417,23.446,23.446,22.985,23.138
ACB,8/26/2019,1419411,22.985,23.292,22.985,23.215
ACB,8/27/2019,998893,23.215,23.369,23.138,23.215
ACB,8/28/2019,2893864,23.215,23.753,23.215,23.676
ACB,8/29/2019,2343715,23.676,23.83,23.446,23.446
ACB,8/30/2019,1129882,23.292,23.446,23.215,23.215
ACB,8/31/2019,1178133,23.523,23.523,23.138,23.292
ACB,9/1/2019,1367619,23.215,23.292,23.061,23.215
ACB,9/2/2019,1728613,23.215,23.215,22.908,23.061
ACB,9/3/2019,895313,23.138,23.292,22.985,22.985
ACB,9/4/2019,1325638,22.523,23.061,22.523,22.831
ACB,9/5/2019,779600,22.908,22.985,22.754,22.754
ACB,9/6/2019,1772636,22.831,22.831,22.37,22.523
ACB,9/7/2019,2148672,22.6,22.985,22.37,22.754
ACB,9/8/2019,1381869,22.831,23.215,22.677,23.138
ACB,9/9/2019,969756,23.138,23.369,22.985,23.061
ACB,9/10/2019,1460953,23.061,23.215,22.985,23.138
ACB,9/11/2019,1476303,23.215,23.292,22.831,22.831
ACB,9/12/2019,1450609,22.908,23.061,22.908,23.061
ACB,9/13/2019,1796699,23.061,23.061,22.6,22.6
ACB,9/14/2019,1131049,23.061,23.061,22.446,22.677
ACB,9/15/2019,1326853,22.523,22.754,22.37,22.677
ACB,9/16/2019,785417,22.6,22.677,22.37,22.37
ACB,9/17/2019,841539,22.37,22.6,22.293,22.523
ACB,9/18/2019,1188112,22.6,22.754,22.446,22.446
ACB,9/19/2019,2083768,22.446,22.523,22.216,22.37
ACB,9/20/2019,1679251,22.37,22.831,22.37,22.677
ACB,9/21/2019,1908657,22.754,22.754,22.446,22.523
ACB,9/22/2019,1108413,22.523,22.6,22.446,22.446
ACB,9/23/2019,878642,22.523,22.677,22.37,22.523
ACB,9/24/2019,1802052,22.6,22.831,22.523,22.6
ACB,9/25/2019,1658177,22.6,22.985,22.6,22.754
ACB,9/26/2019,820791,22.985,23.061,22.523,22.677
ACB,9/27/2019,1159532,20.909,22.677,20.909,22.446
ACB,9/28/2019,1186225,22.37,22.446,22.293,22.293
ACB,9/29/2019,1224269,22.293,22.446,22.216,22.216
ACB,9/30/2019,1409762,22.216,22.446,22.062,22.446
ACB,10/1/2019,943633,22.37,22.446,22.293,22.37
ACB,10/2/2019,1334169,22.293,22.37,22.062,22.293
ACB,10/3/2019,1496367,22.062,22.293,21.985,22.062
ACB,10/4/2019,1131761,22.062,22.293,21.985,21.985
ACB,10/5/2019,1374716,21.985,22.216,21.985,22.216
ACB,10/6/2019,1186487,22.216,22.216,21.831,21.908
ACB,10/7/2019,366953,21.908,22.139,21.908,22.062
ACB,10/8/2019,602494,22.062,22.216,21.985,21.985
ACB,10/9/2019,733671,21.985,22.062,21.985,21.985
ACB,10/10/2019,725493,21.985,22.062,21.908,21.908
ACB,10/11/2019,1101547,21.908,22.062,21.908,21.985
ACB,10/12/2019,1362561,21.985,22.293,21.985,22.062
ACB,10/13/2019,1166121,22.062,22.216,21.985,22.062
ACB,10/14/2019,1000633,22.062,22.293,22.062,22.216
ACB,10/15/2019,658485,22.216,22.37,22.139,22.216
ACB,10/16/2019,1868535,22.216,22.754,22.139,22.754
ACB,10/17/2019,1075400,22.754,23.061,22.6,22.677
ACB,10/18/2019,1848800,22.677,22.831,22.6,22.677
ACB,10/19/2019,1731838,22.677,22.754,22.293,22.446
ACB,10/20/2019,506769,22.293,22.446,22.293,22.293
ACB,10/21/2019,1136323,22.293,22.37,21.985,21.985
ACB,10/22/2019,872478,21.985,22.216,21.908,22.216
ACB,10/23/2019,833504,22.6,22.6,22.293,22.446
ACB,10/24/2019,505293,22.446,22.446,22.216,22.216
ACB,10/25/2019,837190,22.293,22.37,22.062,22.139
ACB,10/26/2019,1204278,22.216,22.523,22.216,22.446
ACB,10/27/2019,1040513,22.523,22.6,22.37,22.446
ACB,10/28/2019,557646,22.446,22.6,22.216,22.293
ACB,10/29/2019,3614826,22.293,22.908,22.293,22.908
ACB,10/30/2019,1458764,22.908,23.061,22.754,22.754
ACB,10/31/2019,2709499,22.754,23.369,22.754,23.215
ACB,11/1/2019,1155393,23.292,23.369,23.061,23.138
ACB,11/2/2019,1214045,23.138,23.215,22.985,23.061
ACB,11/3/2019,1556154,23.061,23.369,23.061,23.215
ACB,11/4/2019,3263532,23.215,23.753,23.215,23.6
ACB,11/5/2019,2083402,23.369,23.676,23.215,23.676
ACB,11/6/2019,3743838,24.599,24.599,23.676,23.984
ACB,11/7/2019,2475772,26.367,26.367,23.6,23.83
ACB,11/8/2019,2538947,23.83,23.907,23.6,23.676
ACB,11/9/2019,5152901,23.676,23.907,23.292,23.6
ACB,11/10/2019,2097782,23.8,24.1,23.7,23.7
ACB,11/11/2019,1052101,23.8,23.8,23.3,23.4
ACB,11/12/2019,1258626,23.2,23.4,22.9,23
ACB,11/13/2019,1100105,22.8,23.3,22.8,22.9
ACB,11/14/2019,893714,23.1,23.1,22.7,22.8
ACB,11/15/2019,1903052,22.7,23,22.4,22.5
ACB,11/16/2019,1774559,22.5,22.6,22,22.3
ACB,11/17/2019,2538864,22.3,22.3,21.8,22
ACB,11/18/2019,1820835,20.5,21.9,20.5,21.7
ACB,11/19/2019,1031673,21.8,22,21.6,21.6
ACB,11/20/2019,1066927,20.6,22,20,22
ACB,11/21/2019,726110,21.4,22.3,21.4,21.9
ACB,11/22/2019,578401,22,22,21.8,22
ACB,11/23/2019,574727,21.9,22,21.6,21.9
ACB,11/24/2019,906910,22,22.2,21.7,21.7
ACB,11/25/2019,1470311,21.7,21.7,21.3,21.7
ACB,11/26/2019,1536110,21.9,22.1,21.5,21.9
ACB,11/27/2019,1209980,22,22.3,21.9,22
ACB,11/28/2019,1318890,22.1,22.3,22.1,22.2
ACB,11/29/2019,2791144,22.2,22.4,22.1,22.3
ACB,11/30/2019,1653260,22.5,22.8,22.4,22.7
ACB,12/1/2019,815330,22.7,22.8,22.4,22.6
ACB,12/2/2019,1015427,22.5,22.5,22.1,22.5
ACB,12/3/2019,1016097,22.4,22.6,22.3,22.5
ACB,12/4/2019,513225,22.4,22.5,22.2,22.2
ACB,12/5/2019,636900,22.3,22.4,22,22.1
ACB,12/6/2019,544010,22.3,22.5,22.1,22.2
ACB,12/7/2019,484897,22.2,22.4,21.9,22.1
ACB,12/8/2019,365320,22.1,22.1,21.8,22
ACB,12/9/2019,625327,22.1,22.1,21.9,22
ACB,12/10/2019,516662,22,22.1,21.7,21.9
ACB,12/11/2019,369511,21.8,22,21.7,21.9
ACB,12/12/2019,821441,21.9,21.9,21.6,21.7
ACB,12/13/2019,429890,21.7,21.8,21.6,21.8
ACB,12/14/2019,622048,21.9,22.2,21.8,22.2
ACB,12/15/2019,1325067,22.3,22.6,22.1,22.6
ACB,12/16/2019,1238267,22.6,22.7,22.3,22.4
ACB,12/17/2019,1189898,22.4,22.4,22.1,22.3
ACB,12/18/2019,1542208,22.3,22.6,22.2,22.4
ACB,12/19/2019,3421555,22.4,23.2,22.3,23.1
ACB,12/20/2019,2535289,23.5,25.4,23.1,23.2
ACB,12/21/2019,2878182,23.2,23.6,23.1,23.3
ACB,12/22/2019,1324749,23.3,23.4,23.1,23.2
ACB,12/23/2019,1522720,23.1,23.2,22.9,23
ACB,12/24/2019,2320597,23,23.3,22.9,23.3
ACB,12/25/2019,2163685,25,25,23.2,23.2
ACB,12/26/2019,2304040,23.3,23.6,23.2,23.4
ACB,12/27/2019,1846967,23.4,23.7,23.3,23.7
ACB,12/28/2019,2160049,23.5,23.8,23.5,23.6
ACB,12/29/2019,1856827,23.5,23.6,23.3,23.6
ACB,12/30/2019,1582366,23.6,23.8,23.5,23.6
ACB,12/31/2019,1931392,23.6,23.6,23.2,23.2
ACB,1/1/2020,1159716,23.2,23.4,23.1,23.3
ACB,1/2/2020,1715656,23.4,23.7,23.3,23.7
ACB,1/3/2020,4857384,23.7,24.3,23.7,24
ACB,1/4/2020,1525076,24,24.2,23.9,24
ACB,1/5/2020,3538655,24,24.5,24,24.5
ACB,1/6/2020,2327203,24.5,24.6,24.3,24.4
ACB,1/7/2020,2073772,24.5,24.6,24.4,24.4
ACB,1/8/2020,1915729,24.3,24.4,24.1,24.4
ACB,1/9/2020,1865732,24.5,24.5,24,24.1
ACB,1/10/2020,2742188,24,24.2,23.4,23.4
ACB,1/11/2020,1660272,23.4,23.5,23.3,23.5
ACB,1/12/2020,983685,23.5,23.7,23.5,23.5
ACB,1/13/2020,921275,23.6,23.6,23.4,23.6
ACB,1/14/2020,1105479,23.6,23.6,23.4,23.6
ACB,1/15/2020,1090296,23.6,23.9,23.6,23.7
ACB,1/16/2020,1702377,23.8,23.9,23.6,23.7
ACB,1/17/2020,7431303,23.8,24.4,23.6,24.3
ACB,1/18/2020,1293107,24.3,24.4,24.1,24.1
ACB,1/19/2020,1907428,23.7,24.3,23.7,24.2
ACB,1/20/2020,3939389,24.2,24.7,24.2,24.6
ACB,1/21/2020,3578931,24.7,24.9,24.6,24.6
ACB,1/22/2020,2507149,24.8,24.8,24.5,24.6
ACB,1/23/2020,2102499,24.6,24.7,24.5,24.6
ACB,1/24/2020,3921492,24.9,25.1,24.6,24.8
ACB,1/25/2020,1719955,24.8,24.9,24.7,24.7
ACB,1/26/2020,1574994,24.7,24.7,24.5,24.7
ACB,1/27/2020,3575361,24.7,25.3,24.7,25
ACB,1/28/2020,2291325,25,25.1,24.5,24.5
ACB,1/29/2020,1652242,24.4,24.6,24.4,24.4
ACB,1/30/2020,2764302,24.4,24.5,24,24.1
ACB,1/31/2020,1398481,24.1,24.2,24,24.2
ACB,2/1/2020,1357644,24.3,24.3,23.9,23.9
ACB,2/2/2020,1782516,22,24.1,22,24
ACB,2/3/2020,3363603,24,24,23.1,23.2
ACB,2/4/2020,1949233,23.3,23.6,23.2,23.4
ACB,2/5/2020,577968,23.5,23.7,23.5,23.6
ACB,2/6/2020,952900,23.6,22.8,22.5,23.2
ACB,2/7/2020,1688171,23.3,22.8,22.5,22.9
ACB,2/8/2020,800193,22.9,22.8,22.5,23.1
ACB,2/9/2020,1640609,23.1,22.8,22.5,22.6
ACB,2/10/2020,1422078,22.7,22.9,22.4,22.6
ACB,2/11/2020,1314925,22.7,23.1,22.5,23.1
ACB,2/12/2020,1242216,23.2,23.2,22.9,23
ACB,2/13/2020,698762,23,23.1,22.9,23
ACB,2/14/2020,814425,23,23,22.7,22.9
ACB,2/15/2020,573899,22.9,23,22.6,22.8
ACB,2/16/2020,785569,22.8,22.9,22.6,22.9
ACB,2/17/2020,656342,22.9,23.1,22.9,23
ACB,2/18/2020,1445939,23,23.3,23,23.2
ACB,2/19/2020,951838,23.2,23.2,23,23
ACB,2/20/2020,940104,23,23,22.8,22.8
ACB,2/21/2020,1132793,22.7,22.8,22.5,22.5
ACB,2/22/2020,625416,22.6,22.6,22.4,22.5
ACB,2/23/2020,1043390,22.6,22.7,22.5,22.7
ACB,2/24/2020,1786089,22.7,23,22.7,22.8
ACB,2/25/2020,821359,22.9,22.9,22.7,22.7
ACB,2/26/2020,1121331,22.8,22.9,22.6,22.9
ACB,2/27/2020,893827,22.8,22.8,22.6,22.6
ACB,2/28/2020,906262,22.6,22.7,22.5,22.7
ACB,2/29/2020,1367912,22.7,22.9,22.6,22.7
ACB,3/1/2020,1649842,22.7,22.9,22.5,22.8
ACB,3/2/2020,1163109,22.8,23,22.7,23
ACB,3/3/2020,1055528,23,23.2,22.9,23
ACB,3/4/2020,1286035,23,23,22.5,22.5
ACB,3/5/2020,1050934,22.5,22.7,22.5,22.5
ACB,3/6/2020,2304937,22.5,22.5,22,22.1
ACB,3/7/2020,1422248,22.2,22.6,22.2,22.4
ACB,3/8/2020,2371501,22.5,23.1,22.5,22.7
ACB,3/9/2020,1523181,22.9,22.9,22.7,22.9
ACB,3/10/2020,2851982,22.9,23.5,22.9,23.5
ACB,3/11/2020,1158657,23.5,23.5,23.2,23.3
ACB,3/12/2020,2819687,23.3,24,23.3,23.9
ACB,3/13/2020,2706194,24,24.1,23.7,23.8
ACB,3/14/2020,4443379,23.8,24.7,23.8,24.3
ACB,3/15/2020,1775816,24.5,24.7,24.3,24.5
ACB,3/16/2020,1574379,24.6,24.6,24.3,24.5
ACB,3/17/2020,4250097,24.2,24.3,23.2,23.6
ACB,3/18/2020,4243264,23.5,23.8,22.9,23
ACB,3/19/2020,4430186,22.3,23,21.7,22.6
ACB,3/20/2020,2397062,22.9,23.2,22.5,23.2
ACB,3/21/2020,2790275,23.4,23.5,22.9,23
ACB,3/22/2020,2980981,23.1,24,23,24
ACB,3/23/2020,2007251,24,24.1,23.6,23.8
ACB,3/24/2020,1271190,23.8,23.9,23.4,23.6
ACB,3/25/2020,1862090,23.6,23.8,23.5,23.7
ACB,3/26/2020,10516207,23.8,25.7,23.8,25.6
ACB,3/27/2020,3773365,25.6,25.7,25.1,25.5
ACB,3/28/2020,8018099,25.5,26.8,25.5,26.4
ACB,3/29/2020,3764464,26.3,26.7,26,26.4
ACB,3/30/2020,6293208,26.4,27.1,26.3,26.6
ACB,3/31/2020,5091969,26.5,26.7,25.9,26.3
ACB,4/1/2020,5578717,26.3,27,26.1,26.4
ACB,4/2/2020,6333926,24.9,26.6,24.9,25.7
ACB,4/3/2020,10321149,25.5,25.6,23.8,24
ACB,4/4/2020,8279866,23.5,25.1,23.1,25.1
ACB,4/5/2020,4519324,25,25.1,24.3,24.6
ACB,4/6/2020,5309790,24.2,25.5,24.2,25.5
ACB,4/7/2020,5959642,23,25.3,23,25.2
ACB,4/8/2020,3629494,24.4,25.5,24.4,25.2
ACB,4/9/2020,6364207,25.6,25.9,25.3,25.6
ACB,4/10/2020,5047583,25.6,25.8,25.3,25.8
ACB,4/11/2020,5965022,26,26.4,25.4,25.6
ACB,4/12/2020,3959935,25.5,25.5,25.1,25.3
ACB,4/13/2020,16776046,24.7,24.7,23,23.3
ACB,4/14/2020,7582331,23,24.8,22.9,24.2
ACB,4/15/2020,7841324,24.3,24.4,23,23.4
ACB,4/16/2020,11082125,23,23,21.5,22.1
ACB,4/17/2020,9020091,21.5,22.5,20.5,22
ACB,4/18/2020,4614344,22,22.3,20.7,20.9
ACB,4/19/2020,6568088,20.8,21.4,20.1,21.1
ACB,4/20/2020,4944595,21.3,21.6,20.9,21.2
ACB,4/21/2020,4083896,21,21.3,20.7,21.1
ACB,4/22/2020,3341564,23.2,23.2,21,21.4
ACB,4/23/2020,10024177,21.2,21.4,19.3,19.3
ACB,4/24/2020,4315784,19.1,19.9,19.1,19.6
ACB,4/25/2020,4115341,20,20.8,20,20.5
ACB,4/26/2020,3631529,20.6,20.6,19.7,19.7
ACB,4/27/2020,3980631,19.7,20.1,19.5,19.7
ACB,4/28/2020,5925098,19.5,19.5,17.9,18.2
ACB,4/29/2020,4532153,18.2,18.8,17.4,17.8
ACB,4/30/2020,2761168,16.1,19,16.1,18.6
ACB,5/1/2020,3574343,18.1,19.4,18.1,19.1
ACB,5/2/2020,5757259,19.4,20.8,19.1,20.6
ACB,5/3/2020,4467621,21,21,20,20.3
ACB,5/4/2020,2331536,22.3,22.3,19.7,20.2
ACB,5/5/2020,4068966,22.2,22.2,20,20
ACB,5/6/2020,2517477,19,20.2,19,19.8
ACB,5/7/2020,1926793,17.9,20.4,17.9,20
ACB,5/8/2020,3167293,20,20.2,19.7,20
ACB,5/9/2020,3686239,20,20.7,20,20.2
ACB,5/10/2020,1895213,20.2,20.4,20.1,20.4
ACB,5/11/2020,4809341,20.5,21.1,20.5,21
ACB,5/12/2020,3064104,21.2,21.2,20.6,20.7
ACB,5/13/2020,6015799,20.6,20.6,19.7,19.8
ACB,5/14/2020,2637424,19.8,20.4,19.4,20.4
ACB,5/15/2020,2076603,20.5,20.8,20.3,20.3
ACB,5/16/2020,1264729,20.2,20.4,20,20.3
ACB,5/17/2020,1806851,20.3,20.6,20,20.1
ACB,5/18/2020,1246915,20.1,20.4,20,20.3
ACB,5/19/2020,1196049,20.3,20.5,20.2,20.5
ACB,5/20/2020,1193939,20.5,20.5,20.1,20.3
ACB,5/21/2020,1126770,20.2,20.4,20.2,20.3
ACB,5/22/2020,4453036,20.4,21.2,20.2,20.8
ACB,5/23/2020,2973997,20.9,21.2,20.8,21.2
ACB,5/24/2020,5995918,21.3,21.9,21,21.4
ACB,5/25/2020,4108808,21.9,21.9,21.4,21.7
ACB,5/26/2020,4057939,21.7,22,21.4,21.8
ACB,5/27/2020,3453900,22,22,21.5,21.7
ACB,5/28/2020,3827622,21.7,21.8,21.4,21.4
ACB,5/29/2020,6937907,21.5,22.2,21.4,21.7
ACB,5/30/2020,2771622,21.9,21.9,21.4,21.8
ACB,5/31/2020,5561531,22,22.5,22,22.2
ACB,6/1/2020,3116422,22.1,22.4,22,22.2
ACB,6/2/2020,4622625,22.2,22.7,21.9,22.4
ACB,6/3/2020,4841440,22.5,22.7,22.3,22.4
ACB,6/4/2020,3519682,22.5,22.7,22.3,22.6
ACB,6/5/2020,5267006,22.5,23.5,22.5,23.3
ACB,6/6/2020,6389497,23.5,23.7,22.8,22.8
ACB,6/7/2020,3568932,22.8,23.2,22.8,22.9
ACB,6/8/2020,2394358,22.9,23,22.7,22.9
ACB,6/9/2020,13859688,23,25.1,22.9,25.1
ACB,6/10/2020,10935462,25.5,26.5,24.8,24.8
ACB,6/11/2020,3758964,24.8,25.5,24.8,25.5
ACB,6/12/2020,5159832,25.6,25.7,25.2,25.3
ACB,6/13/2020,4025847,25.4,25.4,24.9,25.2
ACB,6/14/2020,6087882,25.2,26,25.2,25.4
ACB,6/15/2020,3531851,25.5,25.6,25.2,25.5
ACB,6/16/2020,6494275,25.5,25.9,25.2,25.6
ACB,6/17/2020,9172138,25.6,25.8,24.4,24.5
ACB,6/18/2020,6648375,24,24.5,23.4,24.5
ACB,6/19/2020,5885937,24.7,24.7,23.2,23.3
ACB,6/20/2020,4198360,23.6,24.2,23.6,23.8
ACB,6/21/2020,1599340,24.3,24.3,23.5,23.7
ACB,6/22/2020,1301526,23.7,23.9,23.4,23.8
ACB,6/23/2020,2334941,23.8,24.5,23.8,24.4
ACB,6/24/2020,2256643,24.4,24.7,24,24.1
ACB,6/25/2020,3282364,24.2,24.4,23.9,24
ACB,6/26/2020,3013466,24,24.3,23.7,23.8
ACB,6/27/2020,2500893,23.7,23.8,23.5,23.7
ACB,6/28/2020,1400341,23.8,24,23.6,23.6
ACB,6/29/2020,4353272,23.6,23.6,22.7,22.9
ACB,6/30/2020,3585625,23,23.3,22.4,22.8
