,Date,High,Low,Open,Close,Volume,Adj Close,Status
0,2018-01-02,1066.93994140625,1045.22998046875,1048.3399658203123,1065.0,1237600,1065.0,Increase
1,2018-01-03,1086.2900390625,1063.2099609375,1064.31005859375,1082.47998046875,1430200,1082.47998046875,Increase
2,2018-01-04,1093.5699462890623,1084.001953125,1088.0,1086.4000244140623,1004600,1086.4000244140623,Decrease
3,2018-01-05,1104.25,1092.0,1094.0,1102.22998046875,1279100,1102.22998046875,Increase
4,2018-01-08,1111.27001953125,1101.6199951171877,1102.22998046875,1106.93994140625,1047600,1106.93994140625,Increase
5,2018-01-09,1110.5699462890623,1101.23095703125,1109.4000244140623,1106.260009765625,902500,1106.260009765625,Decrease
6,2018-01-10,1104.5999755859377,1096.1099853515623,1097.0999755859377,1102.6099853515623,1042800,1102.6099853515623,Increase
7,2018-01-11,1106.5250244140623,1099.5899658203123,1106.300048828125,1105.52001953125,978300,1105.52001953125,Decrease
8,2018-01-12,1124.2900390625,1101.1500244140623,1102.4100341796877,1122.260009765625,1720500,1122.260009765625,Increase
9,2018-01-16,1139.9100341796875,1117.83203125,1132.510009765625,1121.760009765625,1575300,1121.760009765625,Decrease
10,2018-01-17,1132.5999755859375,1117.010009765625,1126.219970703125,1131.97998046875,1202600,1131.97998046875,Increase
11,2018-01-18,1132.510009765625,1117.5,1131.4100341796875,1129.7900390625,1198200,1129.7900390625,Decrease
12,2018-01-19,1137.8599853515625,1128.300048828125,1131.8299560546875,1137.510009765625,1778200,1137.510009765625,Increase
13,2018-01-22,1159.8800048828125,1135.1099853515625,1137.489990234375,1155.81005859375,1618000,1155.81005859375,Increase
14,2018-01-23,1171.626953125,1158.75,1159.8499755859375,1169.969970703125,1333100,1169.969970703125,Increase
15,2018-01-24,1179.8599853515625,1161.050048828125,1177.3299560546875,1164.239990234375,1416600,1164.239990234375,Decrease
16,2018-01-25,1175.93994140625,1162.760009765625,1172.530029296875,1170.3699951171875,1480500,1170.3699951171875,Decrease
17,2018-01-26,1175.8399658203125,1158.1099853515625,1175.0799560546875,1175.8399658203125,2018800,1175.8399658203125,Increase
18,2018-01-29,1186.8900146484375,1171.97998046875,1176.47998046875,1175.5799560546875,1378900,1175.5799560546875,Decrease
19,2018-01-30,1176.52001953125,1163.52001953125,1167.8299560546875,1163.68994140625,1556300,1163.68994140625,Decrease
20,2018-01-31,1173.0,1159.1300048828125,1170.5699462890625,1169.93994140625,1538700,1169.93994140625,Decrease
21,2018-02-01,1174.0,1157.52001953125,1162.6099853515625,1167.699951171875,2412100,1167.699951171875,Increase
22,2018-02-02,1123.0699462890623,1107.2779541015623,1122.0,1111.9000244140623,4857900,1111.9000244140623,Decrease
23,2018-02-05,1110.0,1052.030029296875,1090.5999755859377,1055.800048828125,3798300,1055.800048828125,Decrease
24,2018-02-06,1081.7099609375,1023.1370239257812,1027.1800537109377,1080.5999755859377,3448000,1080.5999755859377,Increase
25,2018-02-07,1081.780029296875,1048.260009765625,1081.5400390625,1048.5799560546877,2369200,1048.5799560546877,Decrease
26,2018-02-08,1058.6199951171877,1000.6599731445312,1055.4100341796877,1001.52001953125,2859100,1001.52001953125,Decrease
27,2018-02-09,1043.969970703125,992.5599975585938,1017.25,1037.780029296875,3505900,1037.780029296875,Increase
28,2018-02-12,1061.5,1040.927978515625,1048.0,1051.93994140625,2057700,1051.93994140625,Increase
29,2018-02-13,1058.3699951171877,1044.0870361328123,1045.0,1052.0999755859377,1265100,1052.0999755859377,Increase
30,2018-02-14,1071.719970703125,1046.75,1048.949951171875,1069.699951171875,1555800,1069.699951171875,Increase
31,2018-02-15,1091.47900390625,1064.3399658203123,1079.0699462890623,1089.52001953125,1843400,1089.52001953125,Increase
32,2018-02-16,1104.6700439453123,1088.31298828125,1088.4100341796877,1094.800048828125,1679500,1094.800048828125,Increase
33,2018-02-20,1113.949951171875,1088.52001953125,1090.5699462890623,1102.4599609375,1423100,1102.4599609375,Increase
34,2018-02-21,1133.969970703125,1106.3299560546877,1106.469970703125,1111.3399658203123,1512900,1111.3399658203123,Increase
35,2018-02-22,1122.8199462890623,1102.5899658203123,1116.18994140625,1106.6300048828123,1317200,1106.6300048828123,Decrease
36,2018-02-23,1127.280029296875,1104.7139892578123,1112.6400146484377,1126.7900390625,1261000,1126.7900390625,Increase
37,2018-02-26,1143.9599609375,1126.6949462890625,1127.800048828125,1143.75,1559100,1143.75,Increase
38,2018-02-27,1144.0400390625,1118.0,1141.239990234375,1118.2900390625,1774100,1118.2900390625,Decrease
39,2018-02-28,1127.530029296875,1103.239990234375,1123.030029296875,1104.72998046875,1882600,1104.72998046875,Decrease
40,2018-03-01,1110.1199951171877,1067.0009765625,1107.8699951171877,1069.52001953125,2515900,1069.52001953125,Decrease
41,2018-03-02,1081.9990234375,1048.114990234375,1053.0799560546877,1078.9200439453123,2271600,1078.9200439453123,Increase
42,2018-03-05,1097.0999755859377,1069.0,1075.1400146484377,1090.9300537109377,1202200,1090.9300537109377,Increase
43,2018-03-06,1101.8499755859377,1089.7750244140623,1099.219970703125,1095.06005859375,1532800,1095.06005859375,Decrease
44,2018-03-07,1112.219970703125,1085.4820556640623,1089.18994140625,1109.6400146484377,1292500,1109.6400146484377,Increase
45,2018-03-08,1127.5999755859375,1112.800048828125,1115.3199462890623,1126.0,1355100,1126.0,Increase
46,2018-03-09,1160.800048828125,1132.4610595703125,1136.0,1160.0400390625,2128000,1160.0400390625,Increase
47,2018-03-12,1177.050048828125,1157.4200439453125,1163.8499755859375,1164.5,2172300,1164.5,Increase
48,2018-03-13,1176.760009765625,1133.3299560546875,1170.0,1138.1700439453125,1907200,1138.1700439453125,Decrease
49,2018-03-14,1158.5899658203125,1141.43994140625,1145.2099609375,1149.489990234375,1291400,1149.489990234375,Increase
50,2018-03-15,1161.0799560546875,1134.5400390625,1149.9599609375,1149.5799560546875,1395400,1149.5799560546875,Decrease
51,2018-03-16,1155.8800048828125,1131.9599609375,1154.1400146484375,1135.72998046875,3092000,1135.72998046875,Decrease
52,2018-03-19,1121.989990234375,1089.010009765625,1120.010009765625,1099.8199462890623,2805900,1099.8199462890623,Decrease
53,2018-03-20,1105.199951171875,1083.4599609375,1099.0,1097.7099609375,1831900,1097.7099609375,Decrease
54,2018-03-21,1106.300048828125,1085.1500244140623,1092.739990234375,1090.8800048828123,1878900,1090.8800048828123,Decrease
55,2018-03-22,1082.9000244140623,1045.9100341796877,1081.8800048828123,1049.0799560546877,2667000,1049.0799560546877,Decrease
56,2018-03-23,1063.3599853515623,1021.219970703125,1047.030029296875,1021.5700073242188,2156700,1021.5700073242188,Decrease
57,2018-03-26,1055.6300048828123,1008.4000244140624,1046.0,1053.2099609375,2665100,1053.2099609375,Increase
58,2018-03-27,1064.8389892578123,996.9199829101562,1063.0,1005.0999755859376,3095300,1005.0999755859376,Decrease
59,2018-03-28,1024.22998046875,980.6400146484376,998.0,1004.5599975585938,3369300,1004.5599975585938,Increase
60,2018-03-29,1043.0,1002.9000244140624,1011.6300048828124,1031.7900390625,2726800,1031.7900390625,Increase
61,2018-04-02,1034.800048828125,990.3699951171876,1022.8200073242188,1006.469970703125,2680400,1006.469970703125,Decrease
62,2018-04-03,1020.989990234375,994.0700073242188,1013.9099731445312,1013.4099731445312,2275100,1013.4099731445312,Decrease
63,2018-04-04,1028.718017578125,993.0,993.4099731445312,1025.1400146484377,2484700,1025.1400146484377,Increase
64,2018-04-05,1042.7900390625,1020.1309814453124,1041.3299560546877,1027.81005859375,1363000,1027.81005859375,Decrease
65,2018-04-06,1031.4200439453123,1003.030029296875,1020.0,1007.0399780273438,1746400,1007.0399780273438,Decrease
66,2018-04-09,1039.5999755859377,1014.0800170898438,1016.7999877929688,1015.4500122070312,1751600,1015.4500122070312,Decrease
67,2018-04-10,1036.280029296875,1011.3400268554688,1026.43994140625,1031.6400146484377,1974500,1031.6400146484377,Increase
68,2018-04-11,1031.364013671875,1015.8699951171876,1027.989990234375,1019.969970703125,1483900,1019.969970703125,Decrease
69,2018-04-12,1040.68994140625,1021.4349975585938,1025.0400390625,1032.510009765625,1357000,1032.510009765625,Increase
70,2018-04-13,1046.4200439453123,1022.97998046875,1040.8800048828123,1029.27001953125,1223000,1029.27001953125,Decrease
71,2018-04-16,1043.239990234375,1026.739990234375,1037.0,1037.97998046875,1211200,1037.97998046875,Increase
72,2018-04-17,1077.8800048828123,1048.260009765625,1051.3699951171877,1074.1600341796877,2320300,1074.1600341796877,Increase
73,2018-04-18,1077.4300537109377,1066.2249755859377,1077.4300537109377,1072.0799560546877,1344100,1072.0799560546877,Decrease
74,2018-04-19,1094.1650390625,1068.1800537109377,1069.4000244140623,1087.699951171875,1747700,1087.699951171875,Increase
75,2018-04-20,1092.3499755859377,1069.5699462890623,1082.0,1072.9599609375,1889700,1072.9599609375,Decrease
76,2018-04-23,1082.719970703125,1060.699951171875,1077.8599853515623,1067.449951171875,2341300,1067.449951171875,Decrease
77,2018-04-24,1057.0,1010.5900268554688,1052.0,1019.97998046875,4760300,1019.97998046875,Decrease
78,2018-04-25,1032.489990234375,1015.3099975585938,1025.52001953125,1021.1799926757812,2391100,1021.1799926757812,Decrease
79,2018-04-26,1047.97998046875,1018.1900024414062,1029.510009765625,1040.0400390625,2079500,1040.0400390625,Increase
80,2018-04-27,1049.5,1025.5899658203123,1046.0,1030.050048828125,1619800,1030.050048828125,Decrease
81,2018-04-30,1037.0,1016.8499755859376,1030.010009765625,1017.3300170898438,1671300,1017.3300170898438,Decrease
82,2018-05-01,1038.469970703125,1008.2100219726562,1013.6599731445312,1037.31005859375,1427900,1037.31005859375,Increase
83,2018-05-02,1040.3890380859377,1022.8699951171876,1028.0999755859377,1024.3800048828123,1603100,1024.3800048828123,Decrease
84,2018-05-03,1029.675048828125,1006.2899780273438,1019.0,1023.719970703125,1815100,1023.719970703125,Increase
85,2018-05-04,1048.510009765625,1016.9000244140624,1016.9000244140624,1048.2099609375,1938700,1048.2099609375,Increase
86,2018-05-07,1061.6800537109377,1047.0999755859377,1049.22998046875,1054.7900390625,1466100,1054.7900390625,Increase
87,2018-05-08,1060.550048828125,1047.14501953125,1058.5400390625,1053.9100341796877,1217700,1053.9100341796877,Decrease
88,2018-05-09,1085.43994140625,1056.364990234375,1058.0999755859377,1082.760009765625,2032800,1082.760009765625,Increase
89,2018-05-10,1100.43994140625,1085.6400146484377,1086.030029296875,1097.5699462890623,1443000,1097.5699462890623,Increase
90,2018-05-11,1101.3299560546877,1090.9100341796877,1093.5999755859377,1098.260009765625,1253700,1098.260009765625,Increase
91,2018-05-14,1110.75,1099.1099853515623,1100.0,1100.199951171875,1518100,1100.199951171875,Increase
92,2018-05-15,1090.050048828125,1073.469970703125,1090.0,1079.22998046875,1494900,1079.22998046875,Decrease
93,2018-05-16,1089.27001953125,1076.260009765625,1077.31005859375,1081.77001953125,1097300,1081.77001953125,Increase
94,2018-05-17,1086.8699951171877,1073.5,1079.8900146484377,1078.5899658203123,1043800,1078.5899658203123,Decrease
95,2018-05-18,1069.93994140625,1060.6800537109377,1061.8599853515623,1066.3599853515623,1565200,1066.3599853515623,Increase
96,2018-05-21,1088.0,1073.6500244140623,1074.06005859375,1079.5799560546877,1023200,1079.5799560546877,Increase
97,2018-05-22,1086.5899658203123,1066.68994140625,1083.56005859375,1069.72998046875,1090000,1069.72998046875,Decrease
98,2018-05-23,1080.780029296875,1061.7099609375,1065.1300048828123,1079.68994140625,1060700,1079.68994140625,Increase
99,2018-05-24,1080.469970703125,1066.1500244140623,1079.0,1079.239990234375,766800,1079.239990234375,Increase
100,2018-05-25,1082.56005859375,1073.7750244140623,1079.02001953125,1075.6600341796877,899400,1075.6600341796877,Decrease
101,2018-05-29,1073.3699951171877,1055.219970703125,1064.8900146484377,1060.3199462890623,1865100,1060.3199462890623,Decrease
102,2018-05-30,1069.2099609375,1056.8299560546877,1063.030029296875,1067.800048828125,1138500,1067.800048828125,Increase
103,2018-05-31,1097.18994140625,1067.56005859375,1067.56005859375,1084.989990234375,3088300,1084.989990234375,Increase
104,2018-06-01,1120.0,1098.5,1099.3499755859377,1119.5,2421600,1119.5,Increase
105,2018-06-04,1141.8900146484375,1122.0050048828123,1122.3299560546877,1139.2900390625,1889600,1139.2900390625,Increase
106,2018-06-05,1145.738037109375,1133.18994140625,1140.989990234375,1139.6600341796875,1678000,1139.6600341796875,Decrease
107,2018-06-06,1143.0,1125.7430419921877,1142.1700439453125,1136.8800048828125,1698200,1136.8800048828125,Decrease
108,2018-06-07,1135.8199462890625,1116.52001953125,1131.3199462890625,1123.8599853515623,1520000,1123.8599853515623,Decrease
109,2018-06-08,1126.6700439453125,1112.1500244140623,1118.1800537109377,1120.8699951171877,1290800,1120.8699951171877,Increase
110,2018-06-11,1137.260009765625,1118.5999755859377,1118.5999755859377,1129.989990234375,1079300,1129.989990234375,Increase
111,2018-06-12,1139.7900390625,1130.7349853515625,1131.0699462890625,1139.3199462890625,912000,1139.3199462890625,Increase
112,2018-06-13,1146.5,1133.3800048828125,1141.1199951171875,1134.7900390625,1506400,1134.7900390625,Decrease
113,2018-06-14,1155.469970703125,1140.6400146484375,1143.8499755859375,1152.1199951171875,1343400,1152.1199951171875,Increase
114,2018-06-15,1153.4200439453125,1143.4849853515625,1148.8599853515625,1152.260009765625,2122500,1152.260009765625,Increase
115,2018-06-18,1174.31005859375,1143.5899658203125,1143.6500244140625,1173.4599609375,1413700,1173.4599609375,Increase
116,2018-06-19,1171.27001953125,1154.010009765625,1158.5,1168.06005859375,1621000,1168.06005859375,Increase
117,2018-06-20,1186.2860107421875,1169.1600341796875,1175.31005859375,1169.8399658203125,1648500,1169.8399658203125,Decrease
118,2018-06-21,1177.2950439453125,1152.2320556640625,1174.8499755859375,1157.6600341796875,1238100,1157.6600341796875,Decrease
119,2018-06-22,1162.4969482421875,1147.260009765625,1159.1400146484375,1155.47998046875,1311000,1155.47998046875,Decrease
120,2018-06-25,1143.9100341796875,1112.780029296875,1143.5999755859375,1124.81005859375,2157300,1124.81005859375,Decrease
121,2018-06-26,1133.2099609375,1116.6590576171877,1128.0,1118.4599609375,1563200,1118.4599609375,Decrease
122,2018-06-27,1131.8360595703125,1103.6199951171877,1121.3399658203123,1103.97998046875,1293900,1103.97998046875,Decrease
123,2018-06-28,1122.31005859375,1096.010009765625,1102.0899658203123,1114.219970703125,1072400,1114.219970703125,Increase
124,2018-06-29,1128.22705078125,1115.0,1120.0,1115.6500244140623,1315100,1115.6500244140623,Decrease
125,2018-07-02,1128.0,1093.800048828125,1099.0,1127.4599609375,1217300,1127.4599609375,Increase
126,2018-07-03,1135.8199462890625,1100.02001953125,1135.8199462890625,1102.8900146484377,679000,1102.8900146484377,Decrease
127,2018-07-05,1127.5,1108.47998046875,1110.530029296875,1124.27001953125,1066700,1124.27001953125,Increase
128,2018-07-06,1140.9300537109375,1120.737060546875,1123.5799560546877,1140.1700439453125,996100,1140.1700439453125,Increase
129,2018-07-09,1154.6700439453125,1143.4200439453125,1148.47998046875,1154.050048828125,909000,1154.050048828125,Increase
130,2018-07-10,1159.5899658203125,1149.5899658203125,1156.97998046875,1152.8399658203125,798400,1152.8399658203125,Decrease
131,2018-07-11,1164.2900390625,1141.0,1144.5899658203125,1153.9000244140625,1120000,1153.9000244140625,Increase
132,2018-07-12,1184.4100341796875,1155.93505859375,1159.8900146484375,1183.47998046875,1251900,1183.47998046875,Increase
133,2018-07-13,1195.4169921875,1180.0,1185.0,1188.8199462890625,1221900,1188.8199462890625,Increase
134,2018-07-16,1191.0,1179.280029296875,1189.3900146484375,1183.8599853515625,1055700,1183.8599853515625,Decrease
135,2018-07-17,1203.0400390625,1170.5999755859375,1172.219970703125,1198.800048828125,1610400,1198.800048828125,Increase
136,2018-07-18,1204.5,1190.3399658203125,1196.56005859375,1195.8800048828125,1393600,1195.8800048828125,Decrease
137,2018-07-19,1200.0,1183.3199462890625,1191.0,1186.9599609375,1276700,1186.9599609375,Decrease
138,2018-07-20,1196.8599853515625,1184.219970703125,1186.9599609375,1184.9100341796875,1247400,1184.9100341796875,Decrease
139,2018-07-23,1206.489990234375,1181.0,1181.010009765625,1205.5,2619200,1205.5,Increase
140,2018-07-24,1266.0,1235.56005859375,1262.5899658203125,1248.0799560546875,3318200,1248.0799560546875,Decrease
141,2018-07-25,1265.8599853515625,1239.1300048828125,1239.1300048828125,1263.699951171875,2127800,1263.699951171875,Increase
142,2018-07-26,1269.77099609375,1249.02001953125,1251.0,1268.3299560546875,2405600,1268.3299560546875,Increase
143,2018-07-27,1273.8900146484375,1231.0,1271.0,1238.5,2130600,1238.5,Decrease
144,2018-07-30,1234.916015625,1211.469970703125,1228.010009765625,1219.739990234375,1849900,1219.739990234375,Decrease
145,2018-07-31,1227.5880126953125,1205.5999755859375,1220.010009765625,1217.260009765625,1644700,1217.260009765625,Decrease
146,2018-08-01,1233.469970703125,1210.2099609375,1228.0,1220.010009765625,1567200,1220.010009765625,Decrease
147,2018-08-02,1229.8800048828125,1204.7900390625,1205.9000244140625,1226.1500244140625,1531300,1226.1500244140625,Increase
148,2018-08-03,1230.0,1215.06005859375,1229.6199951171875,1223.7099609375,1089600,1223.7099609375,Decrease
149,2018-08-06,1226.0880126953125,1215.7969970703125,1225.0,1224.77001953125,1081700,1224.77001953125,Decrease
150,2018-08-07,1251.1700439453125,1236.1700439453125,1237.0,1242.219970703125,1494000,1242.219970703125,Increase
151,2018-08-08,1256.5,1238.008056640625,1240.469970703125,1245.6099853515625,1370300,1245.6099853515625,Increase
152,2018-08-09,1255.5419921875,1246.010009765625,1249.9000244140625,1249.0999755859375,848600,1249.0999755859375,Decrease
153,2018-08-10,1245.6949462890625,1232.0,1243.0,1237.6099853515625,1108700,1237.6099853515625,Decrease
154,2018-08-13,1249.27294921875,1233.6409912109375,1236.97998046875,1235.010009765625,997300,1235.010009765625,Decrease
155,2018-08-14,1245.8699951171875,1225.1099853515625,1235.18994140625,1242.0999755859375,1348100,1242.0999755859375,Increase
156,2018-08-15,1235.239990234375,1209.510009765625,1229.260009765625,1214.3800048828125,1828800,1214.3800048828125,Decrease
157,2018-08-16,1226.0,1202.550048828125,1224.72998046875,1206.489990234375,1343200,1206.489990234375,Decrease
158,2018-08-17,1209.02001953125,1188.239990234375,1202.030029296875,1200.9599609375,1389600,1200.9599609375,Decrease
159,2018-08-20,1211.0,1194.6259765625,1205.02001953125,1207.77001953125,870800,1207.77001953125,Increase
160,2018-08-21,1217.260009765625,1200.35400390625,1208.0,1201.6199951171875,1205600,1201.6199951171875,Decrease
161,2018-08-22,1211.8399658203125,1199.0,1200.0,1207.3299560546875,887400,1207.3299560546875,Increase
162,2018-08-23,1221.280029296875,1204.239990234375,1207.1400146484375,1205.3800048828125,992600,1205.3800048828125,Decrease
163,2018-08-24,1221.6500244140625,1206.3590087890625,1208.8199462890625,1220.6500244140625,946600,1220.6500244140625,Increase
164,2018-08-27,1243.0899658203125,1225.7159423828125,1227.5999755859375,1241.8199462890625,1156300,1241.8199462890625,Increase
165,2018-08-28,1242.5450439453125,1228.68994140625,1241.2900390625,1231.1500244140625,1304000,1231.1500244140625,Decrease
166,2018-08-29,1250.6600341796875,1236.3590087890625,1237.449951171875,1249.300048828125,1298900,1249.300048828125,Increase
167,2018-08-30,1253.635009765625,1232.5899658203125,1244.22998046875,1239.1199951171875,1331400,1239.1199951171875,Decrease
168,2018-08-31,1238.6600341796875,1211.2850341796875,1234.97998046875,1218.18994140625,1816400,1218.18994140625,Decrease
169,2018-09-04,1212.989990234375,1192.5,1204.27001953125,1197.0,1831000,1197.0,Decrease
170,2018-09-05,1199.010009765625,1162.0,1193.800048828125,1186.47998046875,2061300,1186.47998046875,Decrease
171,2018-09-06,1186.300048828125,1152.0,1186.300048828125,1171.43994140625,1888500,1171.43994140625,Decrease
172,2018-09-07,1175.260009765625,1157.2149658203125,1158.6700439453125,1164.8299560546875,1401300,1164.8299560546875,Increase
173,2018-09-10,1174.5400390625,1160.1099853515625,1172.18994140625,1164.6400146484375,1115400,1164.6400146484375,Decrease
174,2018-09-11,1178.6800537109375,1156.239990234375,1161.6300048828125,1177.3599853515625,1209300,1177.3599853515625,Increase
175,2018-09-12,1178.6099853515625,1158.3599853515625,1172.719970703125,1162.8199462890625,1295500,1162.8199462890625,Decrease
176,2018-09-13,1178.6099853515625,1162.8499755859375,1170.739990234375,1175.3299560546875,1431200,1175.3299560546875,Increase
177,2018-09-14,1180.425048828125,1168.3299560546875,1179.0999755859375,1172.530029296875,944000,1172.530029296875,Decrease
178,2018-09-17,1177.239990234375,1154.030029296875,1170.1400146484375,1156.050048828125,1306500,1156.050048828125,Decrease
179,2018-09-18,1176.0799560546875,1157.0899658203125,1157.0899658203125,1161.219970703125,1203600,1161.219970703125,Increase
180,2018-09-19,1173.2099609375,1154.5799560546875,1164.97998046875,1171.0899658203125,1191400,1171.0899658203125,Increase
181,2018-09-20,1189.8900146484375,1173.3599853515625,1179.989990234375,1186.8699951171875,1225400,1186.8699951171875,Increase
182,2018-09-21,1192.2099609375,1166.0400390625,1192.0,1166.0899658203125,4405600,1166.0899658203125,Decrease
183,2018-09-24,1178.0,1146.9100341796875,1157.1700439453125,1173.3699951171875,1271000,1173.3699951171875,Increase
184,2018-09-25,1186.8800048828125,1168.0,1176.1500244140625,1184.6500244140625,977700,1184.6500244140625,Increase
185,2018-09-26,1194.22998046875,1174.7650146484375,1185.1500244140625,1180.489990234375,1462300,1180.489990234375,Decrease
186,2018-09-27,1202.0999755859375,1183.6300048828125,1186.72998046875,1194.6400146484375,1260800,1194.6400146484375,Increase
187,2018-09-28,1195.4100341796875,1184.5,1191.8699951171875,1193.469970703125,1380600,1193.469970703125,Increase
188,2018-10-01,1209.9000244140625,1190.300048828125,1199.8900146484375,1195.31005859375,1357600,1195.31005859375,Decrease
189,2018-10-02,1209.9599609375,1186.6300048828125,1190.9599609375,1200.1099853515625,1687900,1200.1099853515625,Increase
190,2018-10-03,1206.4100341796875,1193.8299560546875,1205.0,1202.949951171875,1256200,1202.949951171875,Decrease
191,2018-10-04,1197.510009765625,1155.5760498046875,1195.3299560546875,1168.18994140625,2209500,1168.18994140625,Decrease
192,2018-10-05,1173.5,1145.1199951171875,1167.5,1157.3499755859375,1184300,1157.3499755859375,Decrease
193,2018-10-08,1168.0,1127.364013671875,1150.1099853515625,1148.969970703125,1932400,1148.969970703125,Decrease
194,2018-10-09,1154.3499755859375,1137.572021484375,1146.1500244140625,1138.8199462890625,1308700,1138.8199462890625,Decrease
195,2018-10-10,1132.1700439453125,1081.1300048828123,1131.0799560546875,1081.219970703125,2675700,1081.219970703125,Decrease
196,2018-10-11,1106.4000244140623,1068.27001953125,1072.93994140625,1079.3199462890623,2949000,1079.3199462890623,Increase
197,2018-10-12,1115.0,1086.4019775390623,1108.0,1110.0799560546877,2101300,1110.0799560546877,Increase
198,2018-10-15,1113.446044921875,1089.0,1108.9100341796877,1092.25,1372400,1092.25,Decrease
199,2018-10-16,1124.219970703125,1102.5,1104.5899658203123,1121.280029296875,1928500,1121.280029296875,Increase
200,2018-10-17,1128.989990234375,1102.18994140625,1126.4599609375,1115.68994140625,1467200,1115.68994140625,Decrease
201,2018-10-18,1121.8399658203123,1077.0899658203123,1121.8399658203123,1087.969970703125,2094500,1087.969970703125,Decrease
202,2018-10-19,1110.3599853515623,1087.75,1093.3699951171877,1096.4599609375,1267600,1096.4599609375,Increase
203,2018-10-22,1112.22998046875,1091.0,1103.06005859375,1101.1600341796877,1514200,1101.1600341796877,Decrease
204,2018-10-23,1107.8900146484377,1070.0,1080.8900146484377,1103.68994140625,1848700,1103.68994140625,Increase
205,2018-10-24,1106.1199951171877,1048.739990234375,1104.25,1050.7099609375,1982400,1050.7099609375,Decrease
206,2018-10-25,1110.97998046875,1069.550048828125,1071.7900390625,1095.5699462890623,2545800,1095.5699462890623,Increase
207,2018-10-26,1106.530029296875,1034.0899658203123,1037.030029296875,1071.469970703125,4187600,1071.469970703125,Increase
208,2018-10-29,1097.0400390625,995.8300170898438,1082.469970703125,1020.0800170898438,3880700,1020.0800170898438,Decrease
209,2018-10-30,1037.489990234375,1000.75,1008.4600219726562,1036.2099609375,3212700,1036.2099609375,Increase
210,2018-10-31,1091.93994140625,1057.0,1059.81005859375,1076.77001953125,2529800,1076.77001953125,Increase
211,2018-11-01,1083.9749755859377,1062.4599609375,1075.800048828125,1070.0,1482000,1070.0,Decrease
212,2018-11-02,1082.9749755859377,1054.6099853515623,1073.72998046875,1057.7900390625,1839000,1057.7900390625,Decrease
213,2018-11-05,1058.469970703125,1021.239990234375,1055.0,1040.0899658203123,2441400,1040.0899658203123,Decrease
214,2018-11-06,1064.344970703125,1038.0699462890623,1039.47998046875,1055.81005859375,1233300,1055.81005859375,Increase
215,2018-11-07,1095.4599609375,1065.9000244140623,1069.0,1093.3900146484377,2058400,1093.3900146484377,Increase
216,2018-11-08,1093.27001953125,1072.2049560546877,1091.3800048828123,1082.4000244140623,1488200,1082.4000244140623,Decrease
217,2018-11-09,1075.56005859375,1053.1099853515623,1073.989990234375,1066.1500244140623,1343200,1066.1500244140623,Decrease
218,2018-11-12,1062.1199951171877,1031.0,1061.3900146484377,1038.6300048828123,1471800,1038.6300048828123,Decrease
219,2018-11-13,1056.60498046875,1031.1500244140623,1043.2900390625,1036.050048828125,1513700,1036.050048828125,Decrease
220,2018-11-14,1054.56396484375,1031.0,1050.0,1043.6600341796877,1565900,1043.6600341796877,Decrease
221,2018-11-15,1071.8499755859377,1031.780029296875,1044.7099609375,1064.7099609375,1836100,1064.7099609375,Increase
222,2018-11-16,1067.0,1048.97998046875,1059.4100341796877,1061.489990234375,1658100,1061.489990234375,Increase
223,2018-11-19,1060.7900390625,1016.260009765625,1057.199951171875,1020.0,1858600,1020.0,Decrease
224,2018-11-20,1031.739990234375,996.02001953125,1000.0,1025.760009765625,2449100,1025.760009765625,Increase
225,2018-11-21,1048.56005859375,1033.469970703125,1036.760009765625,1037.6099853515623,1534300,1037.6099853515623,Increase
226,2018-11-23,1037.5899658203123,1022.3989868164062,1030.0,1023.8800048828124,691500,1023.8800048828124,Decrease
227,2018-11-26,1049.31005859375,1033.9100341796877,1038.3499755859377,1048.6199951171877,1942800,1048.6199951171877,Increase
228,2018-11-27,1057.5799560546877,1038.489990234375,1041.0,1044.4100341796877,1803200,1044.4100341796877,Increase
229,2018-11-28,1086.8399658203123,1035.760009765625,1048.760009765625,1086.22998046875,2475400,1086.22998046875,Increase
230,2018-11-29,1094.2449951171877,1076.0,1076.0799560546877,1088.300048828125,1468900,1088.300048828125,Increase
231,2018-11-30,1095.5699462890623,1077.8800048828123,1089.0699462890623,1094.4300537109377,2580200,1094.4300537109377,Increase
232,2018-12-03,1124.6500244140623,1103.6650390625,1123.1400146484377,1106.4300537109377,1991200,1106.4300537109377,Decrease
233,2018-12-04,1104.4200439453123,1049.97998046875,1103.1199951171877,1050.8199462890623,2345200,1050.8199462890623,Decrease
234,2018-12-06,1071.199951171875,1030.77001953125,1034.260009765625,1068.72998046875,2769200,1068.72998046875,Increase
235,2018-12-07,1075.260009765625,1028.5,1060.010009765625,1036.5799560546877,2101200,1036.5799560546877,Decrease
236,2018-12-10,1048.449951171875,1023.2899780273438,1035.050048828125,1039.550048828125,1807700,1039.550048828125,Increase
237,2018-12-11,1060.5999755859377,1039.8399658203123,1056.489990234375,1051.75,1394700,1051.75,Decrease
238,2018-12-12,1081.6500244140623,1062.7900390625,1068.0,1063.6800537109377,1523800,1063.6800537109377,Decrease
239,2018-12-13,1079.760009765625,1053.9300537109377,1068.0699462890623,1061.9000244140623,1329800,1061.9000244140623,Decrease
240,2018-12-14,1062.5999755859377,1040.7900390625,1049.97998046875,1042.0999755859377,1686600,1042.0999755859377,Decrease
241,2018-12-17,1053.1500244140623,1007.9000244140624,1037.510009765625,1016.530029296875,2385400,1016.530029296875,Decrease
242,2018-12-18,1049.47998046875,1021.4400024414062,1026.0899658203123,1028.7099609375,2192500,1028.7099609375,Increase
243,2018-12-19,1062.0,1008.0499877929688,1033.989990234375,1023.010009765625,2479300,1023.010009765625,Decrease
244,2018-12-20,1034.219970703125,996.3599853515624,1018.1300048828124,1009.4099731445312,2673500,1009.4099731445312,Decrease
245,2018-12-21,1024.02001953125,973.6900024414062,1015.2999877929688,979.5399780273438,4596000,979.5399780273438,Decrease
246,2018-12-24,1003.5399780273438,970.1099853515624,973.9000244140624,976.219970703125,1590300,976.219970703125,Increase
247,2018-12-26,1040.0,983.0,989.010009765625,1039.4599609375,2373300,1039.4599609375,Increase
248,2018-12-27,1043.8900146484377,997.0,1017.1500244140624,1043.8800048828123,2109800,1043.8800048828123,Increase
249,2018-12-28,1055.56005859375,1033.0999755859377,1049.6199951171877,1037.0799560546877,1414800,1037.0799560546877,Decrease
250,2018-12-31,1052.699951171875,1023.5900268554688,1050.9599609375,1035.6099853515623,1493300,1035.6099853515623,Decrease
251,2019-01-02,1052.3199462890623,1015.7100219726562,1016.5700073242188,1045.8499755859377,1532600,1045.8499755859377,Increase
252,2019-01-03,1056.97998046875,1014.0700073242188,1041.0,1016.0599975585938,1841100,1016.0599975585938,Decrease
253,2019-01-04,1070.8399658203123,1027.41796875,1032.5899658203123,1070.7099609375,2093900,1070.7099609375,Increase
254,2019-01-07,1074.0,1054.760009765625,1071.5,1068.3900146484377,1981900,1068.3900146484377,Decrease
255,2019-01-08,1084.56005859375,1060.530029296875,1076.1099853515623,1076.280029296875,1764900,1076.280029296875,Increase
256,2019-01-09,1082.6300048828123,1066.4000244140623,1081.6500244140623,1074.6600341796877,1199300,1074.6600341796877,Decrease
257,2019-01-10,1071.1500244140623,1057.7099609375,1067.6600341796877,1070.3299560546877,1456400,1070.3299560546877,Increase
258,2019-01-11,1063.7750244140623,1048.47998046875,1063.1800537109377,1057.18994140625,1520800,1057.18994140625,Decrease
259,2019-01-14,1051.530029296875,1041.2550048828123,1046.9200439453123,1044.68994140625,1144300,1044.68994140625,Decrease
260,2019-01-15,1080.050048828125,1047.3399658203123,1050.1700439453123,1077.1500244140623,1463600,1077.1500244140623,Increase
261,2019-01-16,1092.375,1079.3399658203123,1080.0,1080.969970703125,1331800,1080.969970703125,Increase
262,2019-01-17,1091.800048828125,1073.5,1079.469970703125,1089.9000244140623,1242700,1089.9000244140623,Increase
263,2019-01-18,1108.35205078125,1090.9000244140623,1100.0,1098.260009765625,1955600,1098.260009765625,Decrease
264,2019-01-22,1091.510009765625,1063.469970703125,1088.0,1070.52001953125,1613500,1070.52001953125,Decrease
265,2019-01-23,1084.9300537109377,1059.75,1077.3499755859377,1075.5699462890623,967000,1075.5699462890623,Decrease
266,2019-01-24,1079.4749755859377,1060.699951171875,1076.47998046875,1073.9000244140623,1361300,1073.9000244140623,Decrease
267,2019-01-25,1094.0,1081.8199462890623,1085.0,1090.989990234375,1119100,1090.989990234375,Increase
268,2019-01-28,1083.0,1063.800048828125,1080.1099853515623,1070.0799560546877,1284300,1070.0799560546877,Decrease
269,2019-01-29,1075.1500244140623,1055.864990234375,1072.6800537109377,1060.6199951171877,1021800,1060.6199951171877,Decrease
270,2019-01-30,1091.0,1066.8499755859377,1068.4300537109377,1089.06005859375,1279800,1089.06005859375,Increase
271,2019-01-31,1117.3299560546877,1095.4100341796877,1103.0,1116.3699951171877,1538300,1116.3699951171877,Increase
272,2019-02-01,1125.0,1104.8900146484377,1112.4000244140623,1110.75,1462200,1110.75,Decrease
273,2019-02-04,1132.800048828125,1109.02001953125,1112.6600341796877,1132.800048828125,2576500,1132.800048828125,Increase
274,2019-02-05,1146.8499755859375,1117.248046875,1124.8399658203123,1145.989990234375,3552200,1145.989990234375,Increase
275,2019-02-06,1147.0,1112.77001953125,1139.5699462890625,1115.22998046875,2105600,1115.22998046875,Decrease
276,2019-02-07,1104.8399658203123,1086.0,1104.1600341796877,1098.7099609375,2044800,1098.7099609375,Decrease
277,2019-02-08,1098.9100341796877,1086.550048828125,1087.0,1095.06005859375,1075800,1095.06005859375,Increase
278,2019-02-11,1105.9449462890623,1092.8599853515623,1096.949951171875,1095.010009765625,1065200,1095.010009765625,Decrease
279,2019-02-12,1125.2950439453123,1105.8499755859377,1106.800048828125,1121.3699951171877,1609100,1121.3699951171877,Increase
280,2019-02-13,1134.72998046875,1118.5,1124.989990234375,1120.1600341796877,1049800,1120.1600341796877,Decrease
281,2019-02-14,1128.22998046875,1110.4449462890623,1118.050048828125,1121.6700439453123,947600,1121.6700439453123,Increase
282,2019-02-15,1131.6700439453125,1110.6500244140623,1130.0799560546875,1113.6500244140623,1449800,1113.6500244140623,Decrease
283,2019-02-19,1121.8900146484377,1110.0,1110.0,1118.56005859375,1046400,1118.56005859375,Increase
284,2019-02-20,1123.4100341796877,1105.280029296875,1119.989990234375,1113.800048828125,1087800,1113.800048828125,Decrease
285,2019-02-21,1111.93994140625,1092.52001953125,1110.8399658203123,1096.969970703125,1415100,1096.969970703125,Decrease
286,2019-02-22,1111.239990234375,1095.5999755859377,1100.9000244140623,1110.3699951171877,1049500,1110.3699951171877,Increase
287,2019-02-25,1118.5400390625,1107.27001953125,1116.0,1109.4000244140623,1413100,1109.4000244140623,Decrease
288,2019-02-26,1119.510009765625,1099.9200439453123,1105.75,1115.1300048828123,1471300,1115.1300048828123,Increase
289,2019-02-27,1117.97998046875,1101.0,1106.949951171875,1116.050048828125,968400,1116.050048828125,Increase
290,2019-02-28,1127.6500244140625,1111.010009765625,1111.300048828125,1119.9200439453123,1542500,1119.9200439453123,Increase
291,2019-03-01,1142.969970703125,1124.75,1124.9000244140623,1140.989990234375,1450300,1140.989990234375,Increase
292,2019-03-04,1158.280029296875,1130.68994140625,1146.989990234375,1147.800048828125,1446000,1147.800048828125,Increase
293,2019-03-05,1169.6099853515625,1146.1949462890625,1150.06005859375,1162.030029296875,1443200,1162.030029296875,Increase
294,2019-03-06,1167.5660400390625,1155.489990234375,1162.489990234375,1157.8599853515625,1099300,1157.8599853515625,Decrease
295,2019-03-07,1156.7550048828125,1134.9100341796875,1155.719970703125,1143.300048828125,1166600,1143.300048828125,Decrease
296,2019-03-08,1147.0799560546875,1123.300048828125,1126.72998046875,1142.3199462890625,1212400,1142.3199462890625,Increase
297,2019-03-11,1176.18994140625,1144.449951171875,1144.449951171875,1175.760009765625,1719200,1175.760009765625,Increase
298,2019-03-12,1200.0,1178.260009765625,1178.260009765625,1193.199951171875,2013100,1193.199951171875,Increase
299,2019-03-13,1200.9300537109375,1191.93994140625,1200.64501953125,1193.3199462890625,1435900,1193.3199462890625,Decrease
300,2019-03-14,1197.8800048828125,1184.47998046875,1194.510009765625,1185.550048828125,1172800,1185.550048828125,Decrease
301,2019-03-15,1196.5699462890625,1182.6099853515625,1193.3800048828125,1184.4599609375,2461800,1184.4599609375,Decrease
302,2019-03-18,1190.0,1177.4210205078125,1183.300048828125,1184.260009765625,1292600,1184.260009765625,Increase
303,2019-03-19,1200.0,1185.8699951171875,1188.81005859375,1198.8499755859375,1520700,1198.8499755859375,Increase
304,2019-03-20,1227.1400146484375,1196.1700439453125,1197.3499755859375,1223.969970703125,2227400,1223.969970703125,Increase
305,2019-03-21,1231.7900390625,1213.1500244140625,1216.0,1231.5400390625,1204000,1231.5400390625,Increase
306,2019-03-22,1230.0,1202.824951171875,1226.3199462890625,1205.5,1714200,1205.5,Decrease
307,2019-03-25,1206.39794921875,1187.0400390625,1196.9300537109375,1193.0,1496800,1193.0,Decrease
308,2019-03-26,1202.8299560546875,1176.719970703125,1198.530029296875,1184.6199951171875,1901200,1184.6199951171875,Decrease
309,2019-03-27,1187.5589599609375,1159.3699951171875,1185.5,1173.02001953125,1400200,1173.02001953125,Decrease
310,2019-03-28,1171.56494140625,1159.4310302734375,1171.5400390625,1168.489990234375,1012400,1168.489990234375,Decrease
311,2019-03-29,1178.989990234375,1162.8800048828125,1174.9000244140625,1173.31005859375,1269900,1173.31005859375,Decrease
312,2019-04-01,1196.6600341796875,1182.0,1184.0999755859375,1194.4300537109375,1252500,1194.4300537109375,Increase
313,2019-04-02,1201.3499755859375,1185.7099609375,1195.3199462890625,1200.489990234375,827900,1200.489990234375,Increase
314,2019-04-03,1216.300048828125,1200.5,1207.47998046875,1205.9200439453125,1017800,1205.9200439453125,Decrease
315,2019-04-04,1215.6700439453125,1204.1300048828125,1205.93994140625,1215.0,950000,1215.0,Increase
316,2019-04-05,1216.219970703125,1205.030029296875,1214.989990234375,1207.1500244140625,907200,1207.1500244140625,Decrease
317,2019-04-08,1208.68994140625,1199.8599853515625,1207.8900146484375,1203.8399658203125,860200,1203.8399658203125,Decrease
318,2019-04-09,1202.2900390625,1193.0799560546875,1196.0,1197.25,876400,1197.25,Increase
319,2019-04-10,1203.7850341796875,1196.43505859375,1200.6800537109375,1202.1600341796875,724600,1202.1600341796875,Increase
320,2019-04-11,1207.9599609375,1200.1300048828125,1203.9599609375,1204.6199951171875,710200,1204.6199951171875,Increase
321,2019-04-12,1218.3499755859375,1208.1099853515625,1210.0,1217.8699951171875,933400,1217.8699951171875,Increase
322,2019-04-15,1224.199951171875,1209.1099853515625,1218.0,1221.0999755859375,1187400,1221.0999755859375,Increase
323,2019-04-16,1230.8199462890625,1220.1199951171875,1225.0,1227.1300048828125,856300,1227.1300048828125,Increase
324,2019-04-17,1240.56005859375,1227.8199462890625,1233.0,1236.3399658203125,1221900,1236.3399658203125,Increase
325,2019-04-18,1242.0,1234.6099853515625,1239.1800537109375,1236.3699951171875,1331800,1236.3699951171875,Decrease
326,2019-04-22,1249.0899658203125,1228.31005859375,1235.989990234375,1248.8399658203125,807300,1248.8399658203125,Increase
327,2019-04-23,1269.0,1246.3800048828125,1250.68994140625,1264.550048828125,1319900,1264.550048828125,Increase
328,2019-04-24,1268.010009765625,1255.0,1264.1199951171875,1256.0,1018800,1256.0,Decrease
329,2019-04-25,1267.407958984375,1252.030029296875,1264.77001953125,1263.449951171875,1107300,1263.449951171875,Decrease
330,2019-04-26,1273.0699462890625,1260.3199462890625,1269.0,1272.1800537109375,1241400,1272.1800537109375,Increase
331,2019-04-29,1289.27001953125,1266.2950439453125,1274.0,1287.5799560546875,2499400,1287.5799560546875,Increase
332,2019-04-30,1192.81005859375,1175.0,1185.0,1188.47998046875,6207000,1188.47998046875,Increase
333,2019-05-01,1188.050048828125,1167.1800537109375,1188.050048828125,1168.0799560546875,2639200,1168.0799560546875,Decrease
334,2019-05-02,1174.18994140625,1155.001953125,1167.760009765625,1162.6099853515625,1944800,1162.6099853515625,Decrease
335,2019-05-03,1186.800048828125,1169.0,1173.6500244140625,1185.4000244140625,1980700,1185.4000244140625,Increase
336,2019-05-06,1190.8499755859375,1166.260009765625,1166.260009765625,1189.3900146484375,1563900,1189.3900146484375,Increase
337,2019-05-07,1190.43994140625,1161.0400390625,1180.469970703125,1174.0999755859375,1551400,1174.0999755859375,Decrease
338,2019-05-08,1180.4239501953125,1165.739990234375,1172.010009765625,1166.27001953125,1309300,1166.27001953125,Decrease
339,2019-05-09,1169.6600341796875,1150.8499755859375,1159.030029296875,1162.3800048828125,1185700,1162.3800048828125,Increase
340,2019-05-10,1172.5999755859375,1142.5,1163.5899658203125,1164.27001953125,1314500,1164.27001953125,Increase
341,2019-05-13,1147.93994140625,1122.1099853515623,1141.9599609375,1132.030029296875,1860600,1132.030029296875,Decrease
342,2019-05-14,1140.4200439453125,1119.550048828125,1137.2099609375,1120.43994140625,1836600,1120.43994140625,Decrease
343,2019-05-15,1171.3299560546875,1116.666015625,1117.8699951171877,1164.2099609375,2289300,1164.2099609375,Increase
344,2019-05-16,1188.1600341796875,1162.8399658203125,1164.510009765625,1178.97998046875,1531400,1178.97998046875,Increase
345,2019-05-17,1180.1500244140625,1160.010009765625,1168.469970703125,1162.300048828125,1208600,1162.300048828125,Decrease
346,2019-05-20,1146.7969970703125,1131.4429931640625,1144.5,1138.8499755859375,1353300,1138.8499755859375,Decrease
347,2019-05-21,1152.7080078125,1137.93994140625,1148.489990234375,1149.6300048828125,1159800,1149.6300048828125,Increase
348,2019-05-22,1158.52001953125,1145.8900146484375,1146.75,1151.4200439453125,914500,1151.4200439453125,Increase
349,2019-05-23,1145.9730224609375,1129.2239990234375,1140.5,1140.77001953125,1198900,1140.77001953125,Increase
350,2019-05-24,1149.7650146484375,1131.6600341796875,1147.3599853515625,1133.469970703125,1112000,1133.469970703125,Decrease
351,2019-05-28,1151.5870361328125,1133.1199951171875,1134.0,1134.1500244140625,1365000,1134.1500244140625,Increase
352,2019-05-29,1129.0999755859375,1108.219970703125,1127.52001953125,1116.4599609375,1538200,1116.4599609375,Decrease
353,2019-05-30,1123.1300048828123,1112.1199951171877,1115.5400390625,1117.949951171875,951900,1117.949951171875,Increase
354,2019-05-31,1109.5999755859377,1100.1800537109377,1101.2900390625,1103.6300048828123,1507800,1103.6300048828123,Increase
355,2019-06-03,1065.5,1025.0,1065.5,1036.22998046875,5130600,1036.22998046875,Decrease
356,2019-06-04,1056.050048828125,1033.68994140625,1042.9000244140623,1053.050048828125,2833500,1053.050048828125,Increase
357,2019-06-05,1053.550048828125,1030.489990234375,1051.5400390625,1042.219970703125,2168400,1042.219970703125,Decrease
358,2019-06-06,1047.489990234375,1033.699951171875,1044.989990234375,1044.3399658203123,1703200,1044.3399658203123,Decrease
359,2019-06-07,1070.9200439453123,1048.4000244140623,1050.6300048828123,1066.0400390625,1802400,1066.0400390625,Increase
360,2019-06-10,1092.6600341796877,1072.322021484375,1072.97998046875,1080.3800048828123,1464200,1080.3800048828123,Increase
361,2019-06-11,1101.989990234375,1077.60302734375,1093.97998046875,1078.719970703125,1436700,1078.719970703125,Decrease
362,2019-06-12,1080.9300537109377,1067.5400390625,1078.0,1077.030029296875,1061000,1077.030029296875,Decrease
363,2019-06-13,1094.1700439453123,1080.1500244140623,1083.6400146484377,1088.77001953125,1057700,1088.77001953125,Increase
364,2019-06-14,1092.68994140625,1080.1719970703123,1086.4200439453123,1085.3499755859377,1111500,1085.3499755859377,Decrease
365,2019-06-17,1099.1800537109377,1086.280029296875,1086.280029296875,1092.5,941600,1092.5,Increase
366,2019-06-18,1116.3900146484377,1098.989990234375,1109.68994140625,1103.5999755859377,1386700,1103.5999755859377,Decrease
367,2019-06-19,1107.0,1093.47998046875,1105.5999755859377,1102.3299560546877,1338800,1102.3299560546877,Decrease
368,2019-06-20,1120.1199951171877,1104.739990234375,1119.989990234375,1111.4200439453123,1262000,1111.4200439453123,Decrease
369,2019-06-21,1124.1099853515623,1108.0799560546877,1109.239990234375,1121.8800048828123,1947600,1121.8800048828123,Increase
370,2019-06-24,1122.0,1111.010009765625,1119.6099853515623,1115.52001953125,1395600,1115.52001953125,Decrease
371,2019-06-25,1114.3499755859377,1083.800048828125,1112.6600341796877,1086.3499755859377,1546900,1086.3499755859377,Decrease
372,2019-06-26,1092.969970703125,1072.239990234375,1086.5,1079.800048828125,1810900,1079.800048828125,Decrease
373,2019-06-27,1087.0999755859377,1075.2900390625,1084.0,1076.010009765625,1004300,1076.010009765625,Decrease
374,2019-06-28,1081.0,1073.3699951171877,1076.3900146484377,1080.9100341796877,1693200,1080.9100341796877,Increase
375,2019-07-01,1107.5799560546877,1093.7030029296877,1098.0,1097.949951171875,1436300,1097.949951171875,Decrease
376,2019-07-02,1111.77001953125,1098.1700439453123,1102.239990234375,1111.25,991600,1111.25,Increase
377,2019-07-03,1126.760009765625,1113.8599853515623,1117.4100341796877,1121.5799560546877,767000,1121.5799560546877,Increase
378,2019-07-05,1132.8800048828125,1116.1400146484377,1117.800048828125,1131.5899658203125,1264300,1131.5899658203125,Increase
379,2019-07-08,1125.97998046875,1111.2099609375,1125.1700439453123,1116.3499755859377,1236400,1116.3499755859377,Decrease
380,2019-07-09,1128.0250244140625,1107.1700439453123,1111.800048828125,1124.8299560546877,1330400,1124.8299560546877,Increase
381,2019-07-10,1142.050048828125,1130.969970703125,1131.219970703125,1140.47998046875,1209500,1140.47998046875,Increase
382,2019-07-11,1153.0699462890625,1139.5799560546875,1143.25,1144.2099609375,1195500,1144.2099609375,Increase
383,2019-07-12,1147.3399658203125,1138.780029296875,1143.989990234375,1144.9000244140625,864000,1144.9000244140625,Increase
384,2019-07-15,1150.8199462890625,1139.4000244140625,1146.8599853515625,1150.3399658203125,903800,1150.3399658203125,Increase
385,2019-07-16,1158.5799560546875,1145.0,1146.0,1153.5799560546875,1238800,1153.5799560546875,Increase
386,2019-07-17,1158.3599853515625,1145.77001953125,1150.969970703125,1146.3499755859375,1170000,1146.3499755859375,Decrease
387,2019-07-18,1147.60498046875,1132.72998046875,1141.739990234375,1146.3299560546875,1291300,1146.3299560546875,Increase
388,2019-07-19,1151.1400146484375,1129.6199951171875,1148.18994140625,1130.0999755859375,1647200,1130.0999755859375,Decrease
389,2019-07-22,1139.25,1124.239990234375,1133.449951171875,1138.0699462890625,1301500,1138.0699462890625,Increase
390,2019-07-23,1146.9000244140625,1131.800048828125,1144.0,1146.2099609375,1093700,1146.2099609375,Increase
391,2019-07-24,1144.0,1126.989990234375,1131.9000244140625,1137.81005859375,1589800,1137.81005859375,Increase
392,2019-07-25,1141.699951171875,1120.9200439453123,1137.8199462890625,1132.1199951171875,2209800,1132.1199951171875,Decrease
393,2019-07-26,1265.550048828125,1224.0,1224.0400390625,1250.4100341796875,4805800,1250.4100341796875,Increase
394,2019-07-29,1247.3699951171875,1228.22998046875,1241.050048828125,1239.4100341796875,2223700,1239.4100341796875,Decrease
395,2019-07-30,1234.8699951171875,1223.300048828125,1225.4100341796875,1225.1400146484375,1453300,1225.1400146484375,Decrease
396,2019-07-31,1234.0,1207.7640380859375,1223.0,1216.6800537109375,1725500,1216.6800537109375,Decrease
397,2019-08-01,1234.1099853515625,1205.719970703125,1214.030029296875,1209.010009765625,1698500,1209.010009765625,Decrease
398,2019-08-02,1206.9000244140625,1188.93994140625,1200.739990234375,1193.989990234375,1645100,1193.989990234375,Decrease
399,2019-08-05,1175.239990234375,1140.1400146484375,1170.0400390625,1152.3199462890625,2597500,1152.3199462890625,Decrease
400,2019-08-06,1179.9599609375,1160.0,1163.31005859375,1169.949951171875,1709400,1169.949951171875,Increase
401,2019-08-07,1178.4449462890625,1149.6240234375,1156.0,1173.989990234375,1444300,1173.989990234375,Increase
402,2019-08-08,1205.010009765625,1173.02001953125,1182.8299560546875,1204.800048828125,1468000,1204.800048828125,Increase
403,2019-08-09,1203.8800048828125,1183.60302734375,1197.989990234375,1188.010009765625,1065700,1188.010009765625,Decrease
404,2019-08-12,1184.9599609375,1167.6719970703125,1179.2099609375,1174.7099609375,1003000,1174.7099609375,Decrease
405,2019-08-13,1204.780029296875,1171.4599609375,1171.4599609375,1197.27001953125,1294400,1197.27001953125,Increase
406,2019-08-14,1182.300048828125,1160.5400390625,1176.31005859375,1164.2900390625,1578700,1164.2900390625,Decrease
407,2019-08-15,1175.8399658203125,1162.1099853515625,1163.5,1167.260009765625,1218700,1167.260009765625,Increase
408,2019-08-16,1182.719970703125,1171.81005859375,1179.550048828125,1177.5999755859375,1313300,1177.5999755859375,Decrease
409,2019-08-19,1206.989990234375,1190.0899658203125,1190.0899658203125,1198.449951171875,1231600,1198.449951171875,Increase
410,2019-08-20,1196.06005859375,1182.1099853515625,1195.25,1182.68994140625,915500,1182.68994140625,Decrease
411,2019-08-21,1199.0,1187.4300537109375,1193.1500244140625,1191.25,740700,1191.25,Decrease
412,2019-08-22,1198.011962890625,1178.5799560546875,1194.0699462890625,1189.530029296875,947500,1189.530029296875,Decrease
413,2019-08-23,1194.0799560546875,1147.75,1181.989990234375,1151.2900390625,1687000,1151.2900390625,Decrease
414,2019-08-26,1169.469970703125,1152.9599609375,1157.260009765625,1168.8900146484375,1226100,1168.8900146484375,Increase
415,2019-08-27,1182.4000244140625,1161.449951171875,1180.530029296875,1167.8399658203125,1077200,1167.8399658203125,Decrease
416,2019-08-28,1176.4200439453125,1157.300048828125,1161.7099609375,1171.02001953125,802000,1171.02001953125,Increase
417,2019-08-29,1196.06005859375,1181.1199951171875,1181.1199951171875,1192.8499755859375,1088400,1192.8499755859375,Increase
418,2019-08-30,1198.5,1183.802978515625,1198.5,1188.0999755859375,1129800,1188.0999755859375,Decrease
419,2019-09-03,1186.8900146484375,1163.199951171875,1177.030029296875,1168.3900146484375,1479900,1168.3900146484375,Decrease
420,2019-09-04,1183.47998046875,1171.0,1176.7099609375,1181.4100341796875,1068900,1181.4100341796875,Increase
421,2019-09-05,1213.0400390625,1191.530029296875,1191.530029296875,1211.3800048828125,1408100,1211.3800048828125,Increase
422,2019-09-06,1212.0150146484375,1202.52197265625,1208.1300048828125,1204.9300537109375,1072100,1204.9300537109375,Decrease
423,2019-09-09,1220.0,1192.6199951171875,1204.0,1204.4100341796875,1471900,1204.4100341796875,Increase
424,2019-09-10,1210.0,1194.5799560546875,1195.1500244140625,1206.0,1260100,1206.0,Increase
425,2019-09-11,1222.5999755859375,1202.199951171875,1203.4100341796875,1220.1700439453125,1307000,1220.1700439453125,Increase
426,2019-09-12,1241.8599853515625,1223.02001953125,1224.300048828125,1234.25,1725900,1234.25,Increase
427,2019-09-13,1240.8800048828125,1227.010009765625,1231.3499755859375,1239.56005859375,1301400,1239.56005859375,Increase
428,2019-09-16,1239.56005859375,1225.6099853515625,1229.52001953125,1231.300048828125,1053300,1231.300048828125,Increase
429,2019-09-17,1235.0,1223.68994140625,1230.4000244140625,1229.1500244140625,955100,1229.1500244140625,Decrease
430,2019-09-18,1235.6099853515625,1216.530029296875,1227.510009765625,1232.4100341796875,1135100,1232.4100341796875,Increase
431,2019-09-19,1244.43994140625,1232.02001953125,1232.06005859375,1238.7099609375,996000,1238.7099609375,Increase
432,2019-09-20,1243.3199462890625,1223.0799560546875,1233.1199951171875,1229.9300537109375,2270000,1229.9300537109375,Decrease
433,2019-09-23,1239.0899658203125,1224.1700439453125,1226.0,1234.030029296875,1062400,1234.030029296875,Increase
434,2019-09-24,1246.739990234375,1210.6800537109375,1240.0,1218.760009765625,1583200,1218.760009765625,Decrease
435,2019-09-25,1248.300048828125,1210.0899658203125,1215.8199462890625,1246.52001953125,1453000,1246.52001953125,Increase
436,2019-09-26,1245.0,1232.2679443359375,1241.9599609375,1241.3900146484375,1538000,1241.3900146484375,Decrease
437,2019-09-27,1244.02001953125,1214.449951171875,1243.010009765625,1225.0899658203125,1353900,1225.0899658203125,Decrease
438,2019-09-30,1226.0,1212.300048828125,1220.969970703125,1219.0,1404100,1219.0,Decrease
439,2019-10-01,1231.22998046875,1203.5799560546875,1219.0,1205.0999755859375,1273500,1205.0999755859375,Decrease
440,2019-10-02,1196.97998046875,1171.2900390625,1196.97998046875,1176.6300048828125,1615100,1176.6300048828125,Decrease
441,2019-10-03,1189.06005859375,1162.4300537109375,1180.0,1187.8299560546875,1621200,1187.8299560546875,Increase
442,2019-10-04,1211.43994140625,1189.1700439453125,1191.8900146484375,1209.0,1162400,1209.0,Increase
443,2019-10-07,1218.2039794921875,1203.75,1204.4000244140625,1207.6800537109375,842900,1207.6800537109375,Increase
444,2019-10-08,1206.0799560546875,1189.010009765625,1197.5899658203125,1189.1300048828125,1039300,1189.1300048828125,Decrease
445,2019-10-09,1208.3499755859375,1197.6300048828125,1199.3499755859375,1202.31005859375,867700,1202.31005859375,Increase
446,2019-10-10,1215.0,1197.3399658203125,1198.5799560546875,1208.6700439453125,846600,1208.6700439453125,Increase
447,2019-10-11,1228.3900146484375,1213.739990234375,1222.2099609375,1215.449951171875,1272700,1215.449951171875,Decrease
448,2019-10-14,1226.3299560546875,1211.760009765625,1212.3399658203125,1217.1400146484375,867500,1217.1400146484375,Increase
449,2019-10-15,1247.3299560546875,1220.4000244140625,1220.4000244140625,1243.010009765625,1381700,1243.010009765625,Increase
450,2019-10-16,1254.739990234375,1238.449951171875,1241.1700439453125,1243.6400146484375,1094600,1243.6400146484375,Increase
451,2019-10-17,1263.324951171875,1249.93994140625,1250.9300537109375,1253.0699462890625,952400,1253.0699462890625,Increase
452,2019-10-18,1258.8900146484375,1241.0799560546875,1253.4599609375,1245.489990234375,1352800,1245.489990234375,Decrease
453,2019-10-21,1254.6290283203125,1240.5999755859375,1252.260009765625,1246.1500244140625,1027200,1246.1500244140625,Decrease
454,2019-10-22,1250.5999755859375,1241.3800048828125,1247.8499755859375,1242.800048828125,1023800,1242.800048828125,Decrease
455,2019-10-23,1259.8900146484375,1242.3599853515625,1242.3599853515625,1259.1300048828125,911500,1259.1300048828125,Increase
456,2019-10-24,1264.0,1253.7149658203125,1260.9000244140625,1260.989990234375,1028100,1260.989990234375,Increase
457,2019-10-25,1269.5999755859375,1250.010009765625,1251.030029296875,1265.1300048828125,1213100,1265.1300048828125,Increase
458,2019-10-28,1299.31005859375,1272.5400390625,1275.449951171875,1290.0,2613200,1290.0,Increase
459,2019-10-29,1281.5899658203125,1257.2120361328125,1276.22998046875,1262.6199951171875,1886400,1262.6199951171875,Decrease
460,2019-10-30,1269.3599853515625,1252.0,1252.969970703125,1261.2900390625,1408900,1261.2900390625,Increase
461,2019-10-31,1267.6700439453125,1250.843017578125,1261.280029296875,1260.1099853515625,1455700,1260.1099853515625,Decrease
462,2019-11-01,1274.6199951171875,1260.5,1265.0,1273.739990234375,1670100,1273.739990234375,Increase
463,2019-11-04,1294.1300048828125,1276.35498046875,1276.449951171875,1291.3699951171875,1501000,1291.3699951171875,Increase
464,2019-11-05,1298.9300537109375,1291.22900390625,1292.8900146484375,1292.030029296875,1282700,1292.030029296875,Decrease
465,2019-11-06,1293.72998046875,1282.5,1289.4599609375,1291.800048828125,1152700,1291.800048828125,Increase
466,2019-11-07,1323.739990234375,1294.2449951171875,1294.280029296875,1308.8599853515625,2030000,1308.8599853515625,Increase
467,2019-11-08,1318.0,1304.364990234375,1305.280029296875,1311.3699951171875,1251400,1311.3699951171875,Increase
468,2019-11-11,1306.425048828125,1297.4100341796875,1303.1800537109375,1299.18994140625,1011900,1299.18994140625,Decrease
469,2019-11-12,1310.0,1295.77001953125,1300.0,1298.800048828125,1085900,1298.800048828125,Decrease
470,2019-11-13,1304.300048828125,1293.510009765625,1294.0699462890625,1298.0,826700,1298.0,Increase
471,2019-11-14,1317.0,1295.6500244140625,1297.5,1311.4599609375,1193500,1311.4599609375,Increase
472,2019-11-15,1334.8800048828125,1314.280029296875,1318.93994140625,1334.8699951171875,1782600,1334.8699951171875,Increase
473,2019-11-18,1335.529052734375,1317.5,1332.219970703125,1320.699951171875,1487400,1320.699951171875,Decrease
474,2019-11-19,1327.699951171875,1312.800048828125,1327.699951171875,1315.4599609375,1269200,1315.4599609375,Decrease
475,2019-11-20,1315.0,1291.1500244140625,1311.739990234375,1303.050048828125,1308600,1303.050048828125,Decrease
476,2019-11-21,1312.5899658203125,1293.0,1301.47998046875,1301.3499755859375,995500,1301.3499755859375,Decrease
477,2019-11-22,1308.72998046875,1291.4100341796875,1305.6199951171875,1295.3399658203125,1385700,1295.3399658203125,Decrease
478,2019-11-25,1311.31005859375,1298.1300048828125,1299.1800537109375,1306.68994140625,1036200,1306.68994140625,Increase
479,2019-11-26,1314.800048828125,1305.0899658203125,1309.8599853515625,1313.550048828125,1069700,1313.550048828125,Increase
480,2019-11-27,1318.3599853515625,1309.6300048828125,1315.0,1312.989990234375,995600,1312.989990234375,Decrease
481,2019-11-29,1310.2049560546875,1303.969970703125,1307.1199951171875,1304.9599609375,587000,1304.9599609375,Decrease
482,2019-12-02,1305.8299560546875,1281.0,1301.0,1289.9200439453125,1510900,1289.9200439453125,Decrease
483,2019-12-03,1298.4610595703125,1279.0,1279.5699462890625,1295.280029296875,1143800,1295.280029296875,Increase
484,2019-12-04,1325.800048828125,1304.8699951171875,1307.010009765625,1320.5400390625,1537500,1320.5400390625,Increase
485,2019-12-05,1329.3580322265625,1316.43994140625,1328.0,1328.1300048828125,1212700,1328.1300048828125,Increase
486,2019-12-06,1344.0,1333.43994140625,1333.43994140625,1340.6199951171875,1314800,1340.6199951171875,Increase
487,2019-12-09,1359.449951171875,1337.8399658203125,1338.0400390625,1343.56005859375,1354300,1343.56005859375,Increase
488,2019-12-10,1349.9749755859375,1336.0400390625,1341.5,1344.6600341796875,1094100,1344.6600341796875,Increase
489,2019-12-11,1351.199951171875,1342.6700439453125,1350.8399658203125,1345.02001953125,850400,1345.02001953125,Decrease
490,2019-12-12,1355.7750244140625,1340.5,1345.93994140625,1350.27001953125,1281000,1350.27001953125,Increase
491,2019-12-13,1353.093017578125,1343.8699951171875,1347.949951171875,1347.8299560546875,1549600,1347.8299560546875,Decrease
492,2019-12-16,1364.6800537109375,1352.6700439453125,1356.5,1361.1700439453125,1397300,1361.1700439453125,Increase
493,2019-12-17,1365.0,1351.322998046875,1362.8900146484375,1355.1199951171875,1854000,1355.1199951171875,Decrease
494,2019-12-18,1360.469970703125,1351.0,1356.5999755859375,1352.6199951171875,1522600,1352.6199951171875,Decrease
495,2019-12-19,1358.0999755859375,1348.9849853515625,1351.8199462890625,1356.0400390625,1469900,1356.0400390625,Increase
496,2019-12-20,1363.6400146484375,1349.0,1363.3499755859375,1349.5899658203125,3315000,1349.5899658203125,Decrease
497,2019-12-23,1359.800048828125,1346.510009765625,1355.8699951171875,1348.8399658203125,883100,1348.8399658203125,Decrease
498,2019-12-24,1350.260009765625,1342.780029296875,1348.5,1343.56005859375,347500,1343.56005859375,Decrease
499,2019-12-26,1361.3270263671875,1344.469970703125,1346.1700439453125,1360.4000244140625,667500,1360.4000244140625,Increase
500,2019-12-27,1364.530029296875,1349.31005859375,1362.989990234375,1351.8900146484375,1038400,1351.8900146484375,Decrease
501,2019-12-30,1353.0,1334.02001953125,1350.0,1336.1400146484375,1050900,1336.1400146484375,Decrease
502,2019-12-31,1338.0,1329.0849609375,1330.1099853515625,1337.02001953125,961800,1337.02001953125,Increase
503,2020-01-02,1368.1400146484375,1341.550048828125,1341.550048828125,1367.3699951171875,1406600,1367.3699951171875,Increase
504,2020-01-03,1372.5,1345.5439453125,1347.8599853515625,1360.6600341796875,1186400,1360.6600341796875,Increase
505,2020-01-06,1396.5,1350.0,1350.0,1394.2099609375,1732300,1394.2099609375,Increase
506,2020-01-07,1402.989990234375,1390.3800048828125,1397.93994140625,1393.3399658203125,1502700,1393.3399658203125,Decrease
507,2020-01-08,1411.5799560546875,1390.8399658203125,1392.0799560546875,1404.3199462890625,1528000,1404.3199462890625,Increase
508,2020-01-09,1427.3299560546875,1410.27001953125,1420.5699462890625,1419.8299560546875,1500900,1419.8299560546875,Decrease
509,2020-01-10,1434.928955078125,1418.3499755859375,1427.56005859375,1429.72998046875,1820700,1429.72998046875,Increase
510,2020-01-13,1440.52001953125,1426.02001953125,1436.1300048828125,1439.22998046875,1652300,1439.22998046875,Increase
511,2020-01-14,1441.800048828125,1428.3699951171875,1439.010009765625,1430.8800048828125,1558900,1430.8800048828125,Decrease
512,2020-01-15,1441.39501953125,1430.2099609375,1430.2099609375,1439.199951171875,1282700,1439.199951171875,Increase
513,2020-01-16,1451.989990234375,1440.9200439453125,1447.43994140625,1451.699951171875,1173700,1451.699951171875,Increase
514,2020-01-17,1481.2950439453125,1458.219970703125,1462.9100341796875,1480.3900146484375,2396200,1480.3900146484375,Increase
515,2020-01-21,1491.8499755859375,1471.199951171875,1479.1199951171875,1484.4000244140625,2036700,1484.4000244140625,Increase
516,2020-01-22,1503.2139892578125,1484.9300537109375,1491.0,1485.949951171875,1610800,1485.949951171875,Decrease
517,2020-01-23,1495.52001953125,1482.0999755859375,1487.6400146484375,1486.6500244140625,1351200,1486.6500244140625,Decrease
518,2020-01-24,1495.4949951171875,1465.25,1493.5899658203125,1466.7099609375,1784600,1466.7099609375,Decrease
519,2020-01-27,1438.0699462890625,1421.199951171875,1431.0,1433.9000244140625,1755200,1433.9000244140625,Increase
520,2020-01-28,1456.0,1432.469970703125,1443.0,1452.56005859375,1577400,1452.56005859375,Increase
521,2020-01-29,1465.4300537109375,1446.739990234375,1458.800048828125,1458.6300048828125,1077700,1458.6300048828125,Decrease
522,2020-01-30,1457.280029296875,1436.4000244140625,1439.9599609375,1455.8399658203125,1339400,1455.8399658203125,Increase
523,2020-01-31,1470.1300048828125,1428.530029296875,1468.9000244140625,1434.22998046875,2417200,1434.22998046875,Decrease
524,2020-02-03,1490.0,1458.989990234375,1462.0,1485.93994140625,3055200,1485.93994140625,Increase
525,2020-02-04,1469.5,1426.300048828125,1457.0699462890625,1447.0699462890625,3933000,1447.0699462890625,Decrease
526,2020-02-05,1463.8399658203125,1430.56005859375,1462.4200439453125,1448.22998046875,1986200,1448.22998046875,Decrease
527,2020-02-06,1482.0,1449.5699462890625,1450.3299560546875,1476.22998046875,1679400,1476.22998046875,Increase
528,2020-02-07,1485.8399658203125,1466.3499755859375,1467.300048828125,1479.22998046875,1172300,1479.22998046875,Increase
529,2020-02-10,1509.5,1474.3199462890625,1474.3199462890625,1508.6800537109375,1419900,1508.6800537109375,Increase
530,2020-02-11,1529.6300048828125,1505.637939453125,1511.81005859375,1508.7900390625,1344600,1508.7900390625,Decrease
531,2020-02-12,1520.6949462890625,1508.1099853515625,1514.47998046875,1518.27001953125,1167600,1518.27001953125,Increase
532,2020-02-13,1527.1800537109375,1504.5999755859375,1512.68994140625,1514.6600341796875,929500,1514.6600341796875,Increase
533,2020-02-14,1520.739990234375,1507.3399658203125,1515.5999755859375,1520.739990234375,1197800,1520.739990234375,Increase
534,2020-02-18,1531.6300048828125,1512.5899658203125,1515.0,1519.6700439453125,1120700,1519.6700439453125,Increase
535,2020-02-19,1532.10595703125,1521.4000244140625,1525.0699462890625,1526.68994140625,949300,1526.68994140625,Increase
536,2020-02-20,1529.6400146484375,1506.8199462890625,1522.0,1518.1500244140625,1096600,1518.1500244140625,Decrease
537,2020-02-21,1512.2149658203125,1480.43994140625,1508.030029296875,1485.1099853515625,1731700,1485.1099853515625,Decrease
538,2020-02-24,1436.969970703125,1411.3900146484375,1426.1099853515625,1421.5899658203125,2867100,1421.5899658203125,Decrease
539,2020-02-25,1438.1400146484375,1382.4000244140625,1433.0,1388.449951171875,2478300,1388.449951171875,Decrease
540,2020-02-26,1415.699951171875,1379.0,1396.1400146484375,1393.1800537109375,2202400,1393.1800537109375,Decrease
541,2020-02-27,1371.7039794921875,1317.1700439453125,1362.06005859375,1318.0899658203125,2978300,1318.0899658203125,Decrease
542,2020-02-28,1341.1400146484375,1271.0,1277.5,1339.3299560546875,3789100,1339.3299560546875,Increase
543,2020-03-02,1390.8699951171875,1326.81494140625,1351.6099853515625,1389.1099853515625,2431500,1389.1099853515625,Increase
544,2020-03-03,1410.1500244140625,1332.0,1399.4200439453125,1341.3900146484375,2402300,1341.3900146484375,Decrease
545,2020-03-04,1388.0899658203125,1343.1099853515625,1359.22998046875,1386.52001953125,1913300,1386.52001953125,Increase
546,2020-03-05,1358.9100341796875,1305.0999755859375,1350.199951171875,1319.0400390625,2561300,1319.0400390625,Decrease
547,2020-03-06,1306.219970703125,1261.050048828125,1277.06005859375,1298.4100341796875,2660600,1298.4100341796875,Increase
548,2020-03-09,1254.760009765625,1200.0,1205.300048828125,1215.56005859375,3365400,1215.56005859375,Increase
549,2020-03-10,1281.1500244140625,1218.77001953125,1260.0,1280.3900146484375,2611400,1280.3900146484375,Increase
550,2020-03-11,1260.9599609375,1196.0699462890625,1249.699951171875,1215.4100341796875,2608500,1215.4100341796875,Decrease
551,2020-03-12,1193.8699951171875,1113.300048828125,1126.0,1114.9100341796877,4226700,1114.9100341796877,Decrease
552,2020-03-13,1219.760009765625,1117.1429443359377,1179.0,1219.72998046875,3700100,1219.72998046875,Increase
553,2020-03-16,1152.2669677734375,1074.43994140625,1096.0,1084.3299560546877,4252400,1084.3299560546877,Decrease
554,2020-03-17,1130.8599853515625,1056.010009765625,1093.1099853515623,1119.800048828125,3861500,1119.800048828125,Increase
555,2020-03-18,1106.5,1037.280029296875,1056.510009765625,1096.800048828125,4233400,1096.800048828125,Increase
556,2020-03-19,1157.969970703125,1060.1080322265623,1093.050048828125,1115.2900390625,3651100,1115.2900390625,Increase
557,2020-03-20,1143.989990234375,1065.489990234375,1135.719970703125,1072.3199462890623,3601800,1072.3199462890623,Decrease
558,2020-03-23,1071.3199462890623,1013.5360107421876,1061.3199462890623,1056.6199951171877,4044100,1056.6199951171877,Decrease
559,2020-03-24,1135.0,1090.6199951171877,1103.77001953125,1134.4599609375,3344500,1134.4599609375,Increase
560,2020-03-25,1148.9000244140625,1086.010009765625,1126.469970703125,1102.489990234375,4081500,1102.489990234375,Decrease
561,2020-03-26,1169.969970703125,1093.530029296875,1111.800048828125,1161.75,3571700,1161.75,Increase
562,2020-03-27,1150.6700439453125,1105.9100341796877,1125.6700439453123,1110.7099609375,3208500,1110.7099609375,Decrease
563,2020-03-30,1151.6300048828125,1096.47998046875,1125.0400390625,1146.8199462890625,2574100,1146.8199462890625,Increase
564,2020-03-31,1175.31005859375,1138.1400146484375,1147.300048828125,1162.81005859375,2486400,1162.81005859375,Increase
565,2020-04-01,1129.68994140625,1097.449951171875,1122.0,1105.6199951171877,2344200,1105.6199951171877,Decrease
566,2020-04-02,1126.8599853515625,1096.4000244140623,1098.260009765625,1120.8399658203123,1964900,1120.8399658203123,Increase
567,2020-04-03,1123.5400390625,1079.81005859375,1119.0150146484377,1097.8800048828123,2313400,1097.8800048828123,Decrease
568,2020-04-06,1194.6600341796875,1130.93994140625,1138.0,1186.9200439453125,2664700,1186.9200439453125,Increase
569,2020-04-07,1225.0,1182.22998046875,1221.0,1186.510009765625,2387300,1186.510009765625,Decrease
570,2020-04-08,1219.0699462890625,1188.1600341796875,1206.5,1210.280029296875,1975100,1210.280029296875,Increase
571,2020-04-09,1225.5699462890625,1196.7349853515625,1224.0799560546875,1211.449951171875,2175400,1211.449951171875,Decrease
572,2020-04-13,1220.510009765625,1187.5980224609375,1209.1800537109375,1217.56005859375,1739800,1217.56005859375,Increase
573,2020-04-14,1282.0699462890625,1236.9300537109375,1245.0899658203125,1269.22998046875,2470400,1269.22998046875,Increase
574,2020-04-15,1280.4599609375,1240.4000244140625,1245.6099853515625,1262.469970703125,1671700,1262.469970703125,Increase
575,2020-04-16,1279.0,1242.6199951171875,1274.0999755859375,1263.469970703125,2518100,1263.469970703125,Decrease
576,2020-04-17,1294.4300537109375,1271.22998046875,1284.8499755859375,1283.25,1949000,1283.25,Decrease
577,2020-04-20,1281.5999755859375,1261.3699951171875,1271.0,1266.6099853515625,1695500,1266.6099853515625,Decrease
578,2020-04-21,1254.27001953125,1209.7099609375,1247.0,1216.3399658203125,2153000,1216.3399658203125,Decrease
579,2020-04-22,1285.613037109375,1242.0,1245.5400390625,1263.2099609375,2093100,1263.2099609375,Increase
580,2020-04-23,1293.31005859375,1265.6700439453125,1271.550048828125,1276.31005859375,1566200,1276.31005859375,Increase
581,2020-04-24,1280.4000244140625,1249.449951171875,1261.1700439453125,1279.31005859375,1640400,1279.31005859375,Increase
582,2020-04-27,1296.1500244140625,1269.0,1296.0,1275.8800048828125,1600600,1275.8800048828125,Decrease
583,2020-04-28,1288.050048828125,1232.199951171875,1287.9300537109375,1233.6700439453125,2951300,1233.6700439453125,Decrease
584,2020-04-29,1359.989990234375,1325.3399658203125,1341.4599609375,1341.47998046875,3793600,1341.47998046875,Increase
585,2020-04-30,1352.8199462890625,1322.489990234375,1324.8800048828125,1348.6600341796875,2665400,1348.6600341796875,Increase
586,2020-05-01,1352.0699462890625,1311.0,1328.5,1320.6099853515625,2072500,1320.6099853515625,Decrease
587,2020-05-04,1327.6600341796875,1299.0,1308.22998046875,1326.800048828125,1504000,1326.800048828125,Increase
588,2020-05-05,1373.93994140625,1337.4599609375,1337.9200439453125,1351.1099853515625,1651500,1351.1099853515625,Increase
589,2020-05-06,1371.1199951171875,1347.2900390625,1361.68994140625,1347.300048828125,1215400,1347.300048828125,Decrease
590,2020-05-07,1377.5999755859375,1355.27001953125,1365.93994140625,1372.56005859375,1397600,1372.56005859375,Increase
591,2020-05-08,1398.760009765625,1375.47998046875,1383.1300048828125,1388.3699951171875,1388100,1388.3699951171875,Increase
592,2020-05-11,1416.530029296875,1377.1519775390625,1378.280029296875,1403.260009765625,1410600,1403.260009765625,Increase
593,2020-05-12,1415.0,1374.77001953125,1407.1199951171875,1375.739990234375,1390600,1375.739990234375,Decrease
594,2020-05-13,1385.4820556640625,1328.4000244140625,1377.050048828125,1349.3299560546875,1812600,1349.3299560546875,Decrease
595,2020-05-14,1357.4200439453125,1323.9100341796875,1335.02001953125,1356.1300048828125,1603100,1356.1300048828125,Increase
596,2020-05-15,1374.47998046875,1339.0,1350.0,1373.18994140625,1707700,1373.18994140625,Increase
597,2020-05-18,1392.324951171875,1354.25,1361.75,1383.93994140625,1824000,1383.93994140625,Increase
598,2020-05-19,1392.0,1373.4849853515625,1386.9969482421875,1373.4849853515625,1280600,1373.4849853515625,Decrease
599,2020-05-20,1410.4200439453125,1387.25,1389.5799560546875,1406.719970703125,1655400,1406.719970703125,Increase
600,2020-05-21,1415.489990234375,1393.449951171875,1408.0,1402.800048828125,1385000,1402.800048828125,Decrease
601,2020-05-22,1412.760009765625,1391.8299560546875,1396.7099609375,1410.4200439453125,1309400,1410.4200439453125,Increase
602,2020-05-26,1441.0,1412.1300048828125,1437.27001953125,1417.02001953125,2060600,1417.02001953125,Decrease
603,2020-05-27,1421.739990234375,1391.2900390625,1417.25,1417.8399658203125,1685800,1417.8399658203125,Increase
604,2020-05-28,1440.8399658203125,1396.0,1396.8599853515625,1416.72998046875,1692200,1416.72998046875,Increase
605,2020-05-29,1432.5699462890625,1413.3499755859375,1416.93994140625,1428.9200439453125,1838100,1428.9200439453125,Increase
606,2020-06-01,1437.9599609375,1418.0,1418.3900146484375,1431.8199462890625,1217100,1431.8199462890625,Increase
607,2020-06-02,1439.6099853515625,1418.8299560546875,1430.550048828125,1439.219970703125,1278100,1439.219970703125,Increase
608,2020-06-03,1446.552001953125,1429.7769775390625,1438.300048828125,1436.3800048828125,1256200,1436.3800048828125,Decrease
609,2020-06-04,1438.9599609375,1404.72998046875,1430.4000244140625,1412.1800537109375,1484300,1412.1800537109375,Decrease
610,2020-06-05,1445.050048828125,1406.0,1413.1700439453125,1438.3900146484375,1734900,1438.3900146484375,Increase
611,2020-06-08,1447.989990234375,1422.3399658203125,1422.3399658203125,1446.6099853515625,1404200,1446.6099853515625,Increase
612,2020-06-09,1468.0,1443.2099609375,1445.3599853515625,1456.1600341796875,1409200,1456.1600341796875,Increase
613,2020-06-10,1474.259033203125,1456.27001953125,1459.5400390625,1465.8499755859375,1525200,1465.8499755859375,Increase
614,2020-06-11,1454.4749755859375,1402.0,1442.47998046875,1403.8399658203125,1991300,1403.8399658203125,Decrease
615,2020-06-12,1437.0,1386.02001953125,1428.489990234375,1413.1800537109375,1944200,1413.1800537109375,Decrease
616,2020-06-15,1424.800048828125,1387.9200439453125,1390.800048828125,1419.8499755859375,1503900,1419.8499755859375,Increase
617,2020-06-16,1455.02001953125,1425.9000244140625,1445.219970703125,1442.719970703125,1709200,1442.719970703125,Decrease
618,2020-06-17,1460.0,1431.3800048828125,1447.1600341796875,1451.1199951171875,1548300,1451.1199951171875,Increase
619,2020-06-18,1451.4100341796875,1427.010009765625,1449.1600341796875,1435.9599609375,1581900,1435.9599609375,Decrease
620,2020-06-19,1447.800048828125,1421.3499755859375,1444.0,1431.719970703125,3157900,1431.719970703125,Decrease
621,2020-06-22,1452.75,1423.2099609375,1429.0,1451.8599853515625,1542400,1451.8599853515625,Increase
622,2020-06-23,1475.9410400390625,1445.239990234375,1455.6400146484375,1464.4100341796875,1429800,1464.4100341796875,Increase
623,2020-06-24,1475.4200439453125,1429.75,1461.510009765625,1431.969970703125,1756000,1431.969970703125,Decrease
624,2020-06-25,1442.9000244140625,1420.0,1429.9000244140625,1441.3299560546875,1230500,1441.3299560546875,Increase
625,2020-06-26,1433.449951171875,1351.989990234375,1431.3900146484375,1359.9000244140625,4267700,1359.9000244140625,Decrease
626,2020-06-29,1395.5999755859375,1347.010009765625,1358.1800537109375,1394.969970703125,1810200,1394.969970703125,Increase
627,2020-06-30,1418.6500244140625,1383.9599609375,1390.43994140625,1413.6099853515625,2042400,1413.6099853515625,Increase
628,2020-07-01,1443.0,1409.8199462890625,1411.0999755859375,1438.0400390625,1775200,1438.0400390625,Increase
629,2020-07-02,1482.949951171875,1446.4200439453125,1446.93994140625,1464.699951171875,1859100,1464.699951171875,Increase
630,2020-07-06,1506.5899658203125,1472.8599853515625,1480.06005859375,1495.699951171875,1564000,1495.699951171875,Increase
631,2020-07-07,1516.800048828125,1483.550048828125,1490.0,1485.1800537109375,1458200,1485.1800537109375,Decrease
632,2020-07-08,1505.8800048828125,1485.6300048828125,1494.3199462890625,1496.0,1249700,1496.0,Increase
633,2020-07-09,1522.719970703125,1488.0849609375,1506.449951171875,1510.989990234375,1423300,1510.989990234375,Increase
634,2020-07-10,1543.8299560546875,1496.5400390625,1506.1500244140625,1541.739990234375,1856300,1541.739990234375,Increase
635,2020-07-13,1577.1319580078125,1505.2430419921875,1550.0,1511.3399658203125,1846400,1511.3399658203125,Decrease
636,2020-07-14,1522.949951171875,1483.5,1490.31005859375,1520.5799560546875,1585000,1520.5799560546875,Increase
637,2020-07-15,1535.3299560546875,1498.0,1523.1300048828125,1513.6400146484375,1610700,1513.6400146484375,Decrease
638,2020-07-16,1518.68994140625,1486.31005859375,1500.0,1518.0,1519300,1518.0,Increase
639,2020-07-17,1523.43994140625,1498.4200439453125,1521.6199951171875,1515.550048828125,1456700,1515.550048828125,Decrease
640,2020-07-20,1570.2900390625,1503.5999755859375,1515.260009765625,1565.719970703125,1557300,1565.719970703125,Increase
641,2020-07-21,1586.989990234375,1554.280029296875,1586.989990234375,1558.4200439453125,1218600,1558.4200439453125,Decrease
642,2020-07-22,1570.0,1546.0999755859375,1560.5,1568.489990234375,932000,1568.489990234375,Increase
643,2020-07-23,1571.8699951171875,1507.3919677734375,1566.969970703125,1515.6800537109375,1627600,1515.6800537109375,Decrease
644,2020-07-24,1517.635986328125,1488.4000244140625,1498.9300537109375,1511.8699951171875,1544000,1511.8699951171875,Increase
645,2020-07-27,1540.969970703125,1515.2099609375,1515.5999755859375,1530.199951171875,1246000,1530.199951171875,Increase
646,2020-07-28,1526.47998046875,1497.6600341796875,1525.1800537109375,1500.3399658203125,1702200,1500.3399658203125,Decrease
647,2020-07-29,1531.251953125,1501.3299560546875,1506.3199462890625,1522.02001953125,1106500,1522.02001953125,Increase
648,2020-07-30,1537.8699951171875,1492.219970703125,1497.0,1531.449951171875,1671400,1531.449951171875,Increase
649,2020-07-31,1508.949951171875,1454.030029296875,1505.010009765625,1482.9599609375,3439900,1482.9599609375,Decrease
650,2020-08-03,1490.469970703125,1465.6400146484375,1486.6400146484375,1474.449951171875,2330200,1474.449951171875,Decrease
651,2020-08-04,1485.56005859375,1458.6500244140625,1476.5699462890625,1464.969970703125,1903500,1464.969970703125,Decrease
652,2020-08-05,1482.4100341796875,1463.4599609375,1469.300048828125,1473.6099853515625,1979500,1473.6099853515625,Increase
653,2020-08-06,1502.3900146484375,1466.0,1471.75,1500.0999755859375,1995400,1500.0999755859375,Increase
654,2020-08-07,1516.844970703125,1481.6400146484375,1500.0,1494.489990234375,1576600,1494.489990234375,Decrease
655,2020-08-10,1504.074951171875,1473.0799560546875,1487.1800537109375,1496.0999755859375,1289300,1496.0999755859375,Increase
656,2020-08-11,1510.0,1478.0,1492.43994140625,1480.3199462890625,1454400,1480.3199462890625,Decrease
657,2020-08-12,1512.385986328125,1485.25,1485.5799560546875,1506.6199951171875,1437700,1506.6199951171875,Increase
658,2020-08-13,1537.25,1508.0050048828125,1510.3399658203125,1518.449951171875,1455200,1518.449951171875,Increase
659,2020-08-14,1521.9000244140625,1502.8800048828125,1515.6600341796875,1507.72998046875,1354800,1507.72998046875,Decrease
660,2020-08-17,1525.6099853515625,1507.969970703125,1514.6700439453125,1517.97998046875,1378300,1517.97998046875,Increase
661,2020-08-18,1562.469970703125,1523.7099609375,1526.1800537109375,1558.5999755859375,2027100,1558.5999755859375,Increase
662,2020-08-19,1573.6800537109375,1543.949951171875,1553.31005859375,1547.530029296875,1660600,1547.530029296875,Decrease
663,2020-08-20,1585.8699951171875,1538.199951171875,1543.449951171875,1581.75,1706900,1581.75,Increase
664,2020-08-21,1597.719970703125,1568.0050048828125,1577.030029296875,1580.4200439453125,1446500,1580.4200439453125,Increase
665,2020-08-24,1614.1700439453125,1580.5699462890625,1593.97998046875,1588.199951171875,1409900,1588.199951171875,Decrease
666,2020-08-25,1611.6199951171875,1582.0699462890625,1582.0699462890625,1608.219970703125,2247100,1608.219970703125,Increase
667,2020-08-26,1659.219970703125,1603.5999755859375,1608.0,1652.3800048828125,3993400,1652.3800048828125,Increase
668,2020-08-27,1655.0,1625.75,1653.6800537109375,1634.3299560546875,1861600,1634.3299560546875,Decrease
669,2020-08-28,1647.1700439453125,1630.75,1633.489990234375,1644.4100341796875,1499000,1644.4100341796875,Increase
